,date,region,frequency,estimated unemployment rate (%),estimated employed,estimated labour participation rate (%),area,year,month,COVID_Impact,Rolling_Unemployment,diff
0,2019-05-31,Andhra Pradesh, Monthly,3.65,11999139.0,43.24,Rural,2019.0,May,0,,
29,2019-05-31,Madhya Pradesh,Monthly,3.91,6692720.0,38.96,Urban,2019.0,May,0,,0.26000000000000023
30,2019-05-31,Tamil Nadu, Monthly,0.97,15844698.0,49.44,Rural,2019.0,May,0,2.8433333333333333,-2.9400000000000004
31,2019-05-31,Rajasthan, Monthly,4.03,15226005.0,38.52,Rural,2019.0,May,0,2.97,3.0600000000000005
32,2019-05-31,Punjab, Monthly,9.17,6088547.0,44.79,Rural,2019.0,May,0,4.723333333333334,5.14
33,2019-05-31,Tamil Nadu,Monthly,0.89,11798080.0,37.31,Urban,2019.0,May,0,4.696666666666667,-8.28
34,2019-05-31,Puducherry, Monthly,0.0,172474.0,43.08,Rural,2019.0,May,0,3.3533333333333335,-0.89
35,2019-05-31,Odisha, Monthly,4.17,11155753.0,40.47,Rural,2019.0,May,0,1.6866666666666665,4.17
36,2019-05-31,Meghalaya, Monthly,3.16,1119011.0,66.13,Rural,2019.0,May,0,2.4433333333333334,-1.0099999999999998
37,2019-05-31,Telangana,Monthly,1.52,5560649.0,44.59,Urban,2019.0,May,0,2.9499999999999997,-1.6400000000000001
38,2019-05-31,Maharashtra, Monthly,3.67,23896858.0,47.11,Rural,2019.0,May,0,2.783333333333333,2.15
40,2019-05-31,Kerala, Monthly,6.63,5184355.0,38.07,Rural,2019.0,May,0,3.94,2.96
28,2019-05-31,Uttarakhand, Monthly,1.63,2108044.0,37.47,Rural,2019.0,May,0,3.9766666666666666,-5.0
41,2019-05-31,Telangana, Monthly,2.23,11053353.0,61.74,Rural,2019.0,May,0,3.4966666666666666,0.6000000000000001
43,2019-05-31,Tripura,Monthly,34.69,423127.0,69.5,Urban,2019.0,May,0,12.85,32.46
44,2019-05-31,Goa, Monthly,2.91,179340.0,39.16,Rural,2019.0,May,0,13.276666666666666,-31.779999999999998
45,2019-05-31,Tripura, Monthly,29.25,1019549.0,64.47,Rural,2019.0,May,0,22.28333333333333,26.34
46,2019-05-31,Gujarat, Monthly,2.88,13954728.0,52.03,Rural,2019.0,May,0,11.68,-26.37
47,2019-05-31,Uttarakhand,Monthly,9.17,676797.0,26.33,Urban,2019.0,May,0,13.766666666666666,6.29
48,2019-05-31,Rajasthan,Monthly,13.62,5108436.0,39.44,Urban,2019.0,May,0,8.556666666666667,4.449999999999999
49,2019-05-31,Himachal Pradesh, Monthly,13.68,2045760.0,44.23,Rural,2019.0,May,0,12.156666666666666,0.0600000000000005
50,2019-05-31,Uttar Pradesh,Monthly,14.4,13391244.0,40.43,Urban,2019.0,May,0,13.9,0.7200000000000006
51,2019-05-31,Jammu & Kashmir, Monthly,12.78,2495186.0,40.57,Rural,2019.0,May,0,13.62,-1.620000000000001
52,2019-05-31,Jharkhand, Monthly,7.11,7035766.0,39.04,Rural,2019.0,May,0,11.43,-5.669999999999999
53,2019-05-31,Haryana, Monthly,14.54,5249186.0,45.12,Rural,2019.0,May,0,11.476666666666667,7.429999999999999
42,2019-05-31,Karnataka, Monthly,5.46,13911440.0,46.36,Rural,2019.0,May,0,9.036666666666667,-9.079999999999998
27,2019-05-31,Chhattisgarh,Monthly,9.77,2223129.0,45.61,Urban,2019.0,May,0,9.923333333333334,4.31
39,2019-05-31,Madhya Pradesh, Monthly,3.63,15349838.0,37.97,Rural,2019.0,May,0,6.286666666666666,-6.14
25,2019-05-31,Bihar,Monthly,19.9,3029344.0,39.8,Urban,2019.0,May,0,11.1,16.27
26,2019-05-31,Kerala,Monthly,6.11,4605913.0,36.65,Urban,2019.0,May,0,9.879999999999999,-13.79
2,2019-05-31,Jharkhand,Monthly,17.23,2404033.0,43.25,Urban,2019.0,May,0,14.413333333333332,11.120000000000001
3,2019-05-31,Jammu & Kashmir,Monthly,23.04,1130139.0,46.74,Urban,2019.0,May,0,15.459999999999999,5.809999999999999
4,2019-05-31,Himachal Pradesh,Monthly,10.88,245668.0,45.27,Urban,2019.0,May,0,17.05,-12.159999999999998
5,2019-05-31,Meghalaya,Monthly,8.4,228978.0,47.79,Urban,2019.0,May,0,14.10666666666667,-2.4800000000000004
6,2019-05-31,Haryana,Monthly,24.67,2693596.0,43.18,Urban,2019.0,May,0,14.65,16.270000000000003
7,2019-05-31,Gujarat,Monthly,4.09,9686558.0,41.67,Urban,2019.0,May,0,12.386666666666665,-20.580000000000002
8,2019-05-31,Goa,Monthly,2.75,264855.0,34.17,Urban,2019.0,May,0,10.503333333333334,-1.3399999999999999
9,2019-05-31,Odisha,Monthly,2.95,2519582.0,41.26,Urban,2019.0,May,0,3.263333333333333,0.20000000000000018
10,2019-05-31,Delhi,Monthly,12.31,5756475.0,44.17,Urban,2019.0,May,0,6.003333333333334,9.36
11,2019-05-31,Chandigarh,Monthly,18.35,348042.0,44.89,Urban,2019.0,May,0,11.203333333333333,6.040000000000001
12,2019-05-31,Karnataka,Monthly,6.56,8638239.0,40.62,Urban,2019.0,May,0,12.406666666666668,-11.790000000000003
1,2019-05-31,Maharashtra,Monthly,6.08,16962574.0,38.3,Urban,2019.0,May,0,10.33,-0.47999999999999954
14,2019-05-31,Assam,Monthly,7.87,1671707.0,44.92,Urban,2019.0,May,0,6.836666666666666,1.79
13,2019-05-31,Puducherry,Monthly,1.25,283905.0,35.71,Urban,2019.0,May,0,5.066666666666667,-6.62
23,2019-05-31,Bihar, Monthly,9.27,24322330.0,39.75,Rural,2019.0,May,0,6.13,8.02
22,2019-05-31,Chhattisgarh, Monthly,9.82,6259019.0,42.89,Rural,2019.0,May,0,6.78,0.5500000000000007
21,2019-05-31,West Bengal,Monthly,7.25,11306177.0,46.37,Urban,2019.0,May,0,8.78,-2.5700000000000003
20,2019-05-31,Sikkim,Monthly,8.2,89587.0,48.61,Urban,2019.0,May,0,8.423333333333334,0.9499999999999993
24,2019-05-31,Assam, Monthly,4.29,11749334.0,57.39,Rural,2019.0,May,0,6.579999999999999,-3.9099999999999993
18,2019-05-31,Uttar Pradesh, Monthly,10.26,43287808.0,39.96,Rural,2019.0,May,0,7.583333333333333,5.97
17,2019-05-31,West Bengal, Monthly,6.02,23452875.0,46.41,Rural,2019.0,May,0,6.8566666666666665,-4.24
16,2019-05-31,Punjab,Monthly,13.49,3289918.0,40.03,Urban,2019.0,May,0,9.923333333333334,7.470000000000001
15,2019-05-31,Andhra Pradesh,Monthly,6.09,4788661.0,37.45,Urban,2019.0,May,0,8.533333333333333,-7.4
19,2019-05-31,Delhi, Monthly,12.56,169487.0,42.33,Rural,2019.0,May,0,10.713333333333333,6.470000000000001
92,2019-06-30,Rajasthan,Monthly,14.36,5241174.0,40.73,Urban,2019.0,June,0,11.003333333333332,1.799999999999999
91,2019-06-30,Jharkhand,Monthly,20.51,2326911.0,43.51,Urban,2019.0,June,0,15.810000000000002,6.150000000000002
90,2019-06-30,Andhra Pradesh,Monthly,3.8,4824630.0,36.76,Urban,2019.0,June,0,12.89,-16.71
83,2019-06-30,Odisha, Monthly,4.71,10965154.0,39.94,Rural,2019.0,June,0,9.673333333333334,0.9100000000000001
89,2019-06-30,Punjab,Monthly,13.17,3307798.0,40.02,Urban,2019.0,June,0,7.226666666666667,8.46
87,2019-06-30,West Bengal, Monthly,5.85,25543465.0,50.36,Rural,2019.0,June,0,7.909999999999999,-7.32
86,2019-06-30,Meghalaya, Monthly,4.23,1024797.0,61.09,Rural,2019.0,June,0,7.75,-1.6199999999999992
85,2019-06-30,Uttarakhand, Monthly,4.65,2021553.0,37.01,Rural,2019.0,June,0,4.91,0.41999999999999993
84,2019-06-30,Haryana, Monthly,23.08,4745178.0,45.23,Rural,2019.0,June,0,10.653333333333334,18.43
94,2019-06-30,Assam,Monthly,9.89,1647342.0,45.17,Urban,2019.0,June,0,12.540000000000001,-13.189999999999998
88,2019-06-30,Telangana,Monthly,1.43,5683349.0,45.43,Urban,2019.0,June,0,11.466666666666669,-8.46
95,2019-06-30,Tamil Nadu,Monthly,1.56,12318745.0,39.16,Urban,2019.0,June,0,4.293333333333335,0.13000000000000012
101,2019-06-30,Sikkim,Monthly,7.76,89702.0,48.13,Urban,2019.0,June,0,3.5833333333333344,6.199999999999999
97,2019-06-30,Jammu & Kashmir, Monthly,12.09,2423742.0,39.02,Rural,2019.0,June,0,7.136666666666668,4.33
98,2019-06-30,Karnataka,Monthly,5.0,8862498.0,40.89,Urban,2019.0,June,0,8.283333333333335,-7.09
99,2019-06-30,Tripura, Monthly,26.64,1107013.0,67.4,Rural,2019.0,June,0,14.576666666666668,21.64
100,2019-06-30,Madhya Pradesh,Monthly,6.38,6509340.0,38.8,Urban,2019.0,June,0,12.673333333333334,-20.26
102,2019-06-30,Himachal Pradesh, Monthly,11.43,1957081.0,41.18,Rural,2019.0,June,0,14.816666666666668,5.05
103,2019-06-30,Tamil Nadu, Monthly,0.92,16375303.0,50.99,Rural,2019.0,June,0,6.243333333333335,-10.51
104,2019-06-30,Maharashtra,Monthly,6.46,17375053.0,39.3,Urban,2019.0,June,0,6.2700000000000005,5.54
105,2019-06-30,Telangana, Monthly,5.92,10728822.0,62.19,Rural,2019.0,June,0,4.4333333333333345,-0.54
106,2019-06-30,Puducherry, Monthly,0.0,184527.0,45.95,Rural,2019.0,June,0,4.126666666666668,-5.92
107,2019-06-30,Bihar, Monthly,10.2,24097712.0,39.71,Rural,2019.0,June,0,5.373333333333334,10.2
82,2019-06-30,Uttar Pradesh, Monthly,11.13,42276572.0,39.32,Rural,2019.0,June,0,7.11,0.9300000000000015
96,2019-06-30,Rajasthan, Monthly,13.7,14610564.0,41.02,Rural,2019.0,June,0,11.676666666666668,2.5699999999999985
81,2019-06-30,Chhattisgarh, Monthly,6.76,6608626.0,43.71,Rural,2019.0,June,0,10.530000000000001,-6.9399999999999995
93,2019-06-30,Karnataka, Monthly,5.98,12888490.0,43.12,Rural,2019.0,June,0,8.813333333333333,-0.7799999999999994
79,2019-06-30,Uttar Pradesh,Monthly,11.62,13624452.0,39.75,Urban,2019.0,June,0,8.12,5.639999999999999
55,2019-06-30,Delhi,Monthly,12.76,5550172.0,42.71,Urban,2019.0,June,0,10.120000000000001,1.1400000000000006
56,2019-06-30,Tripura,Monthly,25.59,408738.0,58.8,Urban,2019.0,June,0,16.656666666666666,12.83
57,2019-06-30,Punjab, Monthly,12.21,6025235.0,45.79,Rural,2019.0,June,0,16.853333333333335,-13.379999999999999
58,2019-06-30,Haryana,Monthly,20.42,2845190.0,43.06,Urban,2019.0,June,0,19.406666666666666,8.21
59,2019-06-30,Kerala, Monthly,9.0,5605627.0,42.19,Rural,2019.0,June,0,13.87666666666667,-11.420000000000002
60,2019-06-30,Jammu & Kashmir,Monthly,19.88,1139815.0,45.17,Urban,2019.0,June,0,16.433333333333334,10.879999999999999
61,2019-06-30,Goa,Monthly,13.33,304015.0,43.96,Urban,2019.0,June,0,14.07,-6.549999999999999
62,2019-06-30,Gujarat, Monthly,4.77,13199281.0,50.12,Rural,2019.0,June,0,12.660000000000002,-8.56
63,2019-06-30,West Bengal,Monthly,7.38,10611498.0,43.51,Urban,2019.0,June,0,8.493333333333334,2.6100000000000003
64,2019-06-30,Odisha,Monthly,2.63,2356290.0,38.39,Urban,2019.0,June,0,4.926666666666668,-4.75
65,2019-06-30,Delhi, Monthly,9.33,149076.0,35.74,Rural,2019.0,June,0,6.446666666666668,6.7
66,2019-06-30,Maharashtra, Monthly,4.34,23056511.0,45.69,Rural,2019.0,June,0,5.4333333333333345,-4.99
54,2019-06-30,Kerala,Monthly,6.67,4678374.0,37.42,Urban,2019.0,June,0,6.780000000000001,2.33
80,2019-06-30,Goa, Monthly,5.45,170471.0,38.19,Rural,2019.0,June,0,5.486666666666668,-1.2199999999999998
78,2019-06-30,Madhya Pradesh, Monthly,4.25,16294794.0,40.48,Rural,2019.0,June,0,5.456666666666668,-1.2000000000000002
77,2019-06-30,Jharkhand, Monthly,8.46,7319782.0,41.12,Rural,2019.0,June,0,6.053333333333335,4.210000000000001
76,2019-06-30,Gujarat,Monthly,6.31,10144965.0,44.57,Urban,2019.0,June,0,6.3400000000000025,-2.1500000000000012
67,2019-06-30,Meghalaya,Monthly,8.66,231252.0,48.29,Urban,2019.0,June,0,7.810000000000002,2.3500000000000005
74,2019-06-30,Puducherry,Monthly,0.0,304369.0,37.73,Urban,2019.0,June,0,4.990000000000002,-8.66
75,2019-06-30,Chhattisgarh,Monthly,11.77,2192020.0,45.88,Urban,2019.0,June,0,6.810000000000002,11.77
72,2019-06-30,Bihar,Monthly,13.29,3248864.0,39.35,Urban,2019.0,June,0,8.353333333333335,1.5199999999999996
71,2019-06-30,Andhra Pradesh, Monthly,3.05,11755881.0,42.05,Rural,2019.0,June,0,9.370000000000003,-10.239999999999998
70,2019-06-30,Himachal Pradesh,Monthly,21.43,237576.0,49.58,Urban,2019.0,June,0,12.590000000000003,18.38
69,2019-06-30,Assam, Monthly,5.08,8923222.0,43.87,Rural,2019.0,June,0,9.853333333333337,-16.35
68,2019-06-30,Chandigarh,Monthly,12.4,337145.0,40.44,Urban,2019.0,June,0,12.970000000000004,7.32
73,2019-06-30,Uttarakhand,Monthly,4.69,906889.0,33.54,Urban,2019.0,June,0,7.390000000000003,-7.71
145,2019-07-31,Madhya Pradesh, Monthly,3.92,16274707.0,40.2,Rural,2019.0,July,0,7.0033333333333365,-0.7700000000000005
144,2019-07-31,Meghalaya, Monthly,1.03,1158511.0,66.67,Rural,2019.0,July,0,3.213333333333336,-2.8899999999999997
143,2019-07-31,Kerala, Monthly,4.95,4855393.0,34.96,Rural,2019.0,July,0,3.3000000000000025,3.92
142,2019-07-31,Maharashtra, Monthly,3.66,24843750.0,48.8,Rural,2019.0,July,0,3.213333333333336,-1.29
136,2019-07-31,Assam, Monthly,4.26,9911534.0,48.21,Rural,2019.0,July,0,4.290000000000003,0.5999999999999996
140,2019-07-31,Puducherry, Monthly,0.0,139227.0,34.56,Rural,2019.0,July,0,2.6400000000000023,-4.26
139,2019-07-31,Odisha, Monthly,3.31,12009883.0,43.05,Rural,2019.0,July,0,2.5233333333333356,3.31
138,2019-07-31,Tripura,Monthly,25.81,410583.0,59.1,Urban,2019.0,July,0,9.706666666666669,22.5
137,2019-07-31,Bihar,Monthly,16.41,3059744.0,38.36,Urban,2019.0,July,0,15.17666666666667,-9.399999999999999
146,2019-07-31,Telangana,Monthly,3.73,5432503.0,44.36,Urban,2019.0,July,0,15.316666666666668,-12.68
141,2019-07-31,Tamil Nadu,Monthly,3.18,12054414.0,38.89,Urban,2019.0,July,0,7.773333333333337,-0.5499999999999998
147,2019-07-31,West Bengal,Monthly,7.91,10779829.0,44.38,Urban,2019.0,July,0,4.940000000000004,4.73
161,2019-07-31,Goa,Monthly,12.28,280367.0,40.0,Urban,2019.0,July,0,7.790000000000004,4.369999999999999
149,2019-07-31,Andhra Pradesh, Monthly,3.75,12086707.0,43.5,Rural,2019.0,July,0,7.980000000000004,-8.53
150,2019-07-31,Karnataka,Monthly,2.29,8738029.0,39.09,Urban,2019.0,July,0,6.10666666666667,-1.46
151,2019-07-31,Tripura, Monthly,22.47,1052597.0,60.54,Rural,2019.0,July,0,9.503333333333337,20.18
152,2019-07-31,Chhattisgarh,Monthly,8.17,2285436.0,45.85,Urban,2019.0,July,0,10.976666666666672,-14.299999999999999
153,2019-07-31,Odisha,Monthly,1.78,2542237.0,40.99,Urban,2019.0,July,0,10.806666666666672,-6.39
155,2019-07-31,Jammu & Kashmir,Monthly,21.55,1183770.0,47.8,Urban,2019.0,July,0,10.500000000000005,19.77
156,2019-07-31,Chandigarh,Monthly,21.8,294379.0,39.47,Urban,2019.0,July,0,15.043333333333337,0.25
157,2019-07-31,Gujarat,Monthly,5.15,9828023.0,42.54,Urban,2019.0,July,0,16.16666666666667,-16.65
158,2019-07-31,Haryana,Monthly,25.45,2405973.0,38.77,Urban,2019.0,July,0,17.466666666666672,20.299999999999997
159,2019-07-31,Meghalaya,Monthly,4.43,284015.0,56.55,Urban,2019.0,July,0,11.676666666666671,-21.02
160,2019-07-31,Himachal Pradesh,Monthly,21.51,235894.0,49.22,Urban,2019.0,July,0,17.130000000000006,17.080000000000002
135,2019-07-31,Punjab, Monthly,9.64,6308129.0,46.5,Rural,2019.0,July,0,11.860000000000005,-11.870000000000001
148,2019-07-31,Madhya Pradesh,Monthly,7.38,6266446.0,37.67,Urban,2019.0,July,0,12.843333333333339,-2.2600000000000007
154,2019-07-31,Delhi,Monthly,14.68,5393091.0,42.34,Urban,2019.0,July,0,10.56666666666667,7.3
134,2019-07-31,Uttarakhand,Monthly,6.94,859900.0,32.48,Urban,2019.0,July,0,9.66666666666667,-7.739999999999999
132,2019-07-31,Puducherry,Monthly,0.0,281117.0,34.77,Urban,2019.0,July,0,7.2066666666666706,-6.94
133,2019-07-31,Assam,Monthly,3.21,1739838.0,44.32,Urban,2019.0,July,0,3.383333333333337,3.21
108,2019-07-31,Tamil Nadu, Monthly,6.01,16455928.0,53.94,Rural,2019.0,July,0,3.0733333333333364,2.8
109,2019-07-31,Telangana, Monthly,2.45,11538688.0,64.4,Rural,2019.0,July,0,3.8900000000000037,-3.5599999999999996
110,2019-07-31,Maharashtra,Monthly,6.35,17215677.0,38.81,Urban,2019.0,July,0,4.93666666666667,3.8999999999999995
111,2019-07-31,Rajasthan,Monthly,11.67,5372470.0,40.38,Urban,2019.0,July,0,6.823333333333338,5.32
112,2019-07-31,Andhra Pradesh,Monthly,5.64,4657443.0,36.1,Urban,2019.0,July,0,7.886666666666669,-6.03
113,2019-07-31,Uttarakhand, Monthly,5.74,2000524.0,36.97,Rural,2019.0,July,0,7.683333333333337,0.10000000000000053
115,2019-07-31,West Bengal, Monthly,5.62,24857807.0,48.78,Rural,2019.0,July,0,5.6666666666666705,-0.1200000000000001
116,2019-07-31,Jharkhand,Monthly,15.67,2434579.0,42.82,Urban,2019.0,July,0,9.010000000000003,10.05
117,2019-07-31,Rajasthan, Monthly,9.7,14859873.0,39.78,Rural,2019.0,July,0,10.330000000000004,-5.970000000000001
118,2019-07-31,Uttar Pradesh, Monthly,9.19,42697000.0,38.78,Rural,2019.0,July,0,11.520000000000003,-0.5099999999999998
119,2019-07-31,Bihar, Monthly,13.44,23248875.0,39.66,Rural,2019.0,July,0,10.776666666666669,4.25
114,2019-07-31,Punjab,Monthly,11.61,3592442.0,42.62,Urban,2019.0,July,0,11.413333333333336,-1.83
121,2019-07-31,Kerala,Monthly,7.58,4105211.0,33.13,Urban,2019.0,July,0,10.87666666666667,-4.029999999999999
120,2019-07-31,Delhi, Monthly,11.07,166605.0,40.53,Rural,2019.0,July,0,10.086666666666671,3.49
130,2019-07-31,Uttar Pradesh,Monthly,11.8,13862431.0,40.43,Urban,2019.0,July,0,10.150000000000004,0.7300000000000004
129,2019-07-31,Jharkhand, Monthly,9.98,6958404.0,39.66,Rural,2019.0,July,0,10.950000000000003,-1.8200000000000003
128,2019-07-31,Chhattisgarh, Monthly,4.54,6753622.0,43.53,Rural,2019.0,July,0,8.773333333333337,-5.44
127,2019-07-31,Himachal Pradesh, Monthly,20.59,1916824.0,44.91,Rural,2019.0,July,0,11.703333333333338,16.05
131,2019-07-31,Karnataka, Monthly,0.52,12169808.0,38.42,Rural,2019.0,July,0,8.550000000000002,-20.07
125,2019-07-31,Goa, Monthly,10.98,167437.0,39.81,Rural,2019.0,July,0,10.69666666666667,10.46
124,2019-07-31,Gujarat, Monthly,4.58,14327083.0,54.21,Rural,2019.0,July,0,5.360000000000004,-6.4
123,2019-07-31,Haryana, Monthly,16.22,4826560.0,42.17,Rural,2019.0,July,0,10.593333333333337,11.639999999999999
122,2019-07-31,Sikkim,Monthly,2.56,108334.0,54.67,Urban,2019.0,July,0,7.78666666666667,-13.659999999999998
126,2019-07-31,Jammu & Kashmir, Monthly,13.67,2549316.0,41.71,Rural,2019.0,July,0,10.81666666666667,11.11
200,2019-08-31,Assam, Monthly,5.79,9292039.0,45.83,Rural,2019.0,August,0,7.340000000000003,-7.88
199,2019-08-31,Sikkim,Monthly,4.82,90850.0,46.63,Urban,2019.0,August,0,8.093333333333337,-0.9699999999999998
198,2019-08-31,Puducherry,Monthly,8.95,312882.0,42.41,Urban,2019.0,August,0,6.520000000000003,4.129999999999999
197,2019-08-31,Assam,Monthly,10.39,1595582.0,43.81,Urban,2019.0,August,0,8.053333333333336,1.4400000000000013
196,2019-08-31,Gujarat, Monthly,3.7,13507342.0,50.57,Rural,2019.0,August,0,7.680000000000003,-6.69
194,2019-08-31,Andhra Pradesh,Monthly,4.61,4743179.0,36.29,Urban,2019.0,August,0,6.233333333333337,0.9100000000000001
193,2019-08-31,Jharkhand,Monthly,20.25,2335406.0,43.35,Urban,2019.0,August,0,9.520000000000003,15.64
192,2019-08-31,Meghalaya, Monthly,0.52,1065725.0,60.86,Rural,2019.0,August,0,8.460000000000003,-19.73
191,2019-08-31,Punjab, Monthly,6.69,6183427.0,44.08,Rural,2019.0,August,0,9.153333333333338,6.17
201,2019-08-31,Andhra Pradesh, Monthly,3.32,12285693.0,43.97,Rural,2019.0,August,0,3.510000000000004,-3.3700000000000006
195,2019-08-31,Rajasthan, Monthly,12.5,15052051.0,41.48,Rural,2019.0,August,0,7.503333333333337,9.18
202,2019-08-31,Punjab,Monthly,11.99,3499863.0,41.61,Urban,2019.0,August,0,9.270000000000003,-0.5099999999999998
190,2019-08-31,West Bengal, Monthly,5.58,24924827.0,48.79,Rural,2019.0,August,0,10.023333333333337,-6.41
204,2019-08-31,Haryana, Monthly,30.94,4558306.0,48.23,Rural,2019.0,August,0,16.170000000000005,25.36
205,2019-08-31,Odisha, Monthly,3.68,11727659.0,42.13,Rural,2019.0,August,0,13.400000000000004,-27.26
206,2019-08-31,Maharashtra,Monthly,7.57,16602767.0,37.84,Urban,2019.0,August,0,14.063333333333338,3.89
207,2019-08-31,Rajasthan,Monthly,14.71,5195170.0,40.34,Urban,2019.0,August,0,8.653333333333338,7.140000000000001
208,2019-08-31,Telangana, Monthly,1.4,10743959.0,59.23,Rural,2019.0,August,0,7.893333333333337,-13.31
209,2019-08-31,Tamil Nadu,Monthly,9.53,11933093.0,41.13,Urban,2019.0,August,0,8.54666666666667,8.129999999999999
210,2019-08-31,Jammu & Kashmir, Monthly,11.32,2778624.0,44.17,Rural,2019.0,August,0,7.4166666666666705,1.790000000000001
211,2019-08-31,Uttar Pradesh,Monthly,14.73,13580241.0,40.87,Urban,2019.0,August,0,11.860000000000005,3.41
212,2019-08-31,Puducherry, Monthly,4.85,183930.0,47.83,Rural,2019.0,August,0,10.300000000000004,-9.88
213,2019-08-31,Tamil Nadu, Monthly,2.91,16463931.0,52.17,Rural,2019.0,August,0,7.49666666666667,-1.9399999999999995
214,2019-08-31,Uttar Pradesh, Monthly,11.47,43298746.0,40.24,Rural,2019.0,August,0,6.410000000000004,8.56
203,2019-08-31,Karnataka, Monthly,0.37,12686470.0,39.93,Rural,2019.0,August,0,4.9166666666666705,-11.100000000000001
189,2019-08-31,Chhattisgarh, Monthly,4.64,6607694.0,42.55,Rural,2019.0,August,0,5.493333333333337,4.27
174,2019-08-31,Bihar, Monthly,11.0,22260203.0,36.85,Rural,2019.0,August,0,5.3366666666666704,6.36
187,2019-08-31,Himachal Pradesh, Monthly,18.56,1969248.0,44.91,Rural,2019.0,August,0,11.400000000000004,7.559999999999999
163,2019-08-31,Gujarat,Monthly,4.2,10228154.0,43.72,Urban,2019.0,August,0,11.253333333333337,-14.36
164,2019-08-31,West Bengal,Monthly,7.27,11456493.0,46.77,Urban,2019.0,August,0,10.010000000000003,3.0699999999999994
165,2019-08-31,Odisha,Monthly,3.5,2456983.0,40.25,Urban,2019.0,August,0,4.990000000000003,-3.7699999999999996
166,2019-08-31,Uttarakhand,Monthly,7.43,823967.0,31.21,Urban,2019.0,August,0,6.06666666666667,3.9299999999999997
167,2019-08-31,Delhi,Monthly,13.52,5552510.0,42.9,Urban,2019.0,August,0,8.150000000000004,6.09
168,2019-08-31,Jharkhand, Monthly,12.06,7015356.0,40.83,Rural,2019.0,August,0,11.003333333333337,-1.459999999999999
169,2019-08-31,Karnataka,Monthly,1.27,8614340.0,38.04,Urban,2019.0,August,0,8.950000000000005,-10.790000000000001
170,2019-08-31,Tripura, Monthly,25.49,975501.0,58.29,Rural,2019.0,August,0,12.940000000000003,24.22
171,2019-08-31,Kerala,Monthly,7.69,4448650.0,35.91,Urban,2019.0,August,0,11.483333333333336,-17.799999999999997
172,2019-08-31,Maharashtra, Monthly,3.76,26835389.0,52.67,Rural,2019.0,August,0,12.313333333333338,-3.9300000000000006
173,2019-08-31,Madhya Pradesh, Monthly,4.94,16559137.0,41.25,Rural,2019.0,August,0,5.463333333333337,1.1800000000000006
188,2019-08-31,Uttarakhand, Monthly,6.11,1911380.0,35.39,Rural,2019.0,August,0,4.93666666666667,1.17
162,2019-08-31,Kerala, Monthly,10.32,5233449.0,39.9,Rural,2019.0,August,0,7.1233333333333375,4.21
176,2019-08-31,Goa, Monthly,1.98,183603.0,39.61,Rural,2019.0,August,0,6.13666666666667,-8.34
177,2019-08-31,Chhattisgarh,Monthly,6.29,2392400.0,46.91,Urban,2019.0,August,0,6.19666666666667,4.3100000000000005
178,2019-08-31,Himachal Pradesh,Monthly,24.48,236315.0,51.17,Urban,2019.0,August,0,10.916666666666671,18.19
179,2019-08-31,Telangana,Monthly,4.19,5544693.0,45.39,Urban,2019.0,August,0,11.653333333333336,-20.29
180,2019-08-31,Bihar,Monthly,17.66,2994763.0,38.03,Urban,2019.0,August,0,15.443333333333337,13.469999999999999
181,2019-08-31,Delhi, Monthly,17.18,135407.0,35.21,Rural,2019.0,August,0,13.010000000000005,-0.4800000000000004
182,2019-08-31,Madhya Pradesh,Monthly,6.82,6809834.0,40.6,Urban,2019.0,August,0,13.88666666666667,-10.36
183,2019-08-31,Tripura,Monthly,33.45,368977.0,59.07,Urban,2019.0,August,0,19.150000000000002,26.630000000000003
184,2019-08-31,Haryana,Monthly,24.19,2523005.0,39.87,Urban,2019.0,August,0,21.486666666666668,-9.260000000000002
185,2019-08-31,Chandigarh,Monthly,9.52,328282.0,37.95,Urban,2019.0,August,0,22.38666666666667,-14.670000000000002
186,2019-08-31,Goa,Monthly,4.9,243277.0,31.97,Urban,2019.0,August,0,12.870000000000003,-4.619999999999999
175,2019-08-31,Meghalaya,Monthly,5.8,259433.0,52.27,Urban,2019.0,August,0,6.740000000000002,0.8999999999999995
252,2019-09-30,Delhi, Monthly,12.5,166056.0,40.68,Rural,2019.0,September,0,7.733333333333335,6.7
251,2019-09-30,Rajasthan, Monthly,5.45,15419779.0,39.24,Rural,2019.0,September,0,7.916666666666668,-7.05
250,2019-09-30,Himachal Pradesh, Monthly,15.98,2039804.0,45.02,Rural,2019.0,September,0,11.310000000000002,10.530000000000001
249,2019-09-30,Tamil Nadu, Monthly,1.71,14595441.0,45.62,Rural,2019.0,September,0,7.713333333333336,-14.27
244,2019-09-30,Uttar Pradesh,Monthly,13.58,13522970.0,40.07,Urban,2019.0,September,0,10.423333333333336,11.870000000000001
247,2019-09-30,Himachal Pradesh,Monthly,12.0,247210.0,45.87,Urban,2019.0,September,0,9.09666666666667,-1.58
246,2019-09-30,Gujarat,Monthly,5.96,9609939.0,41.75,Urban,2019.0,September,0,10.513333333333335,-6.04
245,2019-09-30,Haryana,Monthly,26.84,2675862.0,43.7,Urban,2019.0,September,0,14.933333333333337,20.88
253,2019-09-30,Tripura, Monthly,30.23,1034408.0,65.9,Rural,2019.0,September,0,21.01,3.3900000000000006
248,2019-09-30,Sikkim,Monthly,4.81,89450.0,45.61,Urban,2019.0,September,0,20.62666666666667,-25.42
254,2019-09-30,Andhra Pradesh, Monthly,5.17,12256762.0,44.68,Rural,2019.0,September,0,13.403333333333334,0.3600000000000003
260,2019-09-30,Rajasthan,Monthly,12.63,5176819.0,39.15,Urban,2019.0,September,0,7.536666666666669,7.460000000000001
256,2019-09-30,West Bengal, Monthly,5.26,25610773.0,49.87,Rural,2019.0,September,0,7.68666666666667,-7.370000000000001
257,2019-09-30,Jharkhand,Monthly,21.16,2357627.0,44.18,Urban,2019.0,September,0,13.016666666666667,15.9
258,2019-09-30,Goa, Monthly,3.61,163215.0,35.78,Rural,2019.0,September,0,10.010000000000002,-17.55
259,2019-09-30,Chandigarh,Monthly,20.14,327239.0,42.77,Urban,2019.0,September,0,14.97,16.53
261,2019-09-30,Assam, Monthly,4.46,11468349.0,55.67,Rural,2019.0,September,0,9.403333333333336,-15.68
262,2019-09-30,Andhra Pradesh,Monthly,6.01,4733996.0,36.69,Urban,2019.0,September,0,10.203333333333335,1.5499999999999998
263,2019-09-30,Bihar,Monthly,20.46,2992082.0,39.25,Urban,2019.0,September,0,10.310000000000002,14.450000000000001
264,2019-09-30,Assam,Monthly,9.26,1576480.0,42.66,Urban,2019.0,September,0,11.910000000000002,-11.200000000000001
265,2019-09-30,Puducherry,Monthly,1.22,286573.0,35.73,Urban,2019.0,September,0,10.313333333333336,-8.04
266,2019-09-30,Maharashtra,Monthly,7.6,17396398.0,39.58,Urban,2019.0,September,0,6.026666666666668,6.38
243,2019-09-30,Meghalaya,Monthly,5.3,253887.0,50.77,Urban,2019.0,September,0,4.706666666666669,-2.3
255,2019-09-30,Madhya Pradesh,Monthly,7.0,6655967.0,39.67,Urban,2019.0,September,0,6.6333333333333355,1.7000000000000002
242,2019-09-30,Punjab,Monthly,15.69,3227178.0,39.97,Urban,2019.0,September,0,9.330000000000004,8.69
241,2019-09-30,Goa,Monthly,3.16,309643.0,39.92,Urban,2019.0,September,0,8.616666666666669,-12.53
221,2019-09-30,Haryana, Monthly,16.36,5127956.0,44.72,Rural,2019.0,September,0,11.73666666666667,13.2
240,2019-09-30,Uttarakhand, Monthly,3.47,2157845.0,38.79,Rural,2019.0,September,0,7.663333333333337,-12.889999999999999
215,2019-09-30,Karnataka, Monthly,3.2,13741892.0,44.45,Rural,2019.0,September,0,7.676666666666669,-0.27
216,2019-09-30,Gujarat, Monthly,6.29,13280783.0,51.01,Rural,2019.0,September,0,4.320000000000003,3.09
217,2019-09-30,Telangana, Monthly,5.49,12636415.0,72.57,Rural,2019.0,September,0,4.993333333333336,-0.7999999999999998
218,2019-09-30,Delhi,Monthly,20.59,5642253.0,47.36,Urban,2019.0,September,0,10.790000000000001,15.1
219,2019-09-30,Uttar Pradesh, Monthly,6.45,44198762.0,38.79,Rural,2019.0,September,0,10.843333333333335,-14.14
220,2019-09-30,Uttarakhand,Monthly,9.62,711150.0,27.51,Urban,2019.0,September,0,12.220000000000004,3.169999999999999
222,2019-09-30,Odisha,Monthly,3.78,2570663.0,42.15,Urban,2019.0,September,0,6.61666666666667,-5.84
223,2019-09-30,Kerala,Monthly,5.52,4640642.0,36.57,Urban,2019.0,September,0,6.306666666666669,1.7399999999999998
224,2019-09-30,West Bengal,Monthly,7.79,11158649.0,45.74,Urban,2019.0,September,0,5.696666666666669,2.2700000000000005
226,2019-09-30,Tamil Nadu,Monthly,1.86,11902824.0,37.76,Urban,2019.0,September,0,5.056666666666669,-5.93
227,2019-09-30,Tripura,Monthly,33.57,418043.0,66.9,Urban,2019.0,September,0,14.406666666666668,31.71
225,2019-09-30,Jharkhand, Monthly,7.12,7500122.0,41.24,Rural,2019.0,September,0,14.183333333333335,-26.45
229,2019-09-30,Odisha, Monthly,4.31,11167715.0,40.32,Rural,2019.0,September,0,15.000000000000002,-2.8100000000000005
239,2019-09-30,Chhattisgarh,Monthly,9.46,2311507.0,46.8,Urban,2019.0,September,0,6.963333333333336,5.150000000000001
238,2019-09-30,Kerala, Monthly,5.35,5400499.0,38.97,Rural,2019.0,September,0,6.373333333333335,-4.110000000000001
237,2019-09-30,Chhattisgarh, Monthly,8.33,6490776.0,43.38,Rural,2019.0,September,0,7.713333333333336,2.9800000000000004
236,2019-09-30,Meghalaya, Monthly,0.24,1162159.0,66.02,Rural,2019.0,September,0,4.640000000000002,-8.09
228,2019-09-30,Puducherry, Monthly,0.0,175718.0,43.34,Rural,2019.0,September,0,2.856666666666669,-0.24
234,2019-09-30,Telangana,Monthly,6.19,5668785.0,47.28,Urban,2019.0,September,0,2.1433333333333358,6.19
235,2019-09-30,Madhya Pradesh, Monthly,3.08,16159315.0,39.4,Rural,2019.0,September,0,3.090000000000002,-3.1100000000000003
232,2019-09-30,Bihar, Monthly,8.87,23905700.0,38.57,Rural,2019.0,September,0,6.0466666666666695,5.789999999999999
231,2019-09-30,Maharashtra, Monthly,4.4,25219281.0,49.74,Rural,2019.0,September,0,5.450000000000003,-4.469999999999999
230,2019-09-30,Karnataka,Monthly,3.57,8647794.0,39.0,Urban,2019.0,September,0,5.613333333333336,-0.8300000000000005
233,2019-09-30,Punjab, Monthly,8.59,6260971.0,45.49,Rural,2019.0,September,0,5.520000000000003,5.02
306,2019-10-31,Odisha, Monthly,4.28,11621534.0,41.88,Rural,2019.0,October,0,5.480000000000003,-4.31
303,2019-10-31,Chhattisgarh,Monthly,10.27,2297096.0,46.82,Urban,2019.0,October,0,7.713333333333336,5.989999999999999
305,2019-10-31,Uttarakhand,Monthly,4.72,925174.0,33.87,Urban,2019.0,October,0,6.423333333333336,-5.55
304,2019-10-31,Haryana, Monthly,24.17,4798833.0,46.07,Rural,2019.0,October,0,13.053333333333336,19.450000000000003
302,2019-10-31,Uttarakhand, Monthly,4.83,2027662.0,36.9,Rural,2019.0,October,0,11.240000000000002,-19.340000000000003
296,2019-10-31,Andhra Pradesh,Monthly,4.7,4774377.0,36.41,Urban,2019.0,October,0,11.233333333333336,-0.1299999999999999
300,2019-10-31,Karnataka,Monthly,3.87,8799249.0,39.7,Urban,2019.0,October,0,4.4666666666666694,-0.8300000000000001
299,2019-10-31,Rajasthan,Monthly,13.02,5384335.0,40.8,Urban,2019.0,October,0,7.196666666666669,9.149999999999999
298,2019-10-31,Puducherry,Monthly,1.17,312548.0,38.86,Urban,2019.0,October,0,6.020000000000003,-11.85
297,2019-10-31,Uttar Pradesh, Monthly,10.18,42833265.0,39.07,Rural,2019.0,October,0,8.123333333333335,9.01
307,2019-10-31,Tripura, Monthly,27.54,1113764.0,68.21,Rural,2019.0,October,0,12.963333333333333,17.36
301,2019-10-31,Gujarat,Monthly,5.45,10474217.0,45.14,Urban,2019.0,October,0,14.39,-22.09
308,2019-10-31,Kerala, Monthly,9.14,5328825.0,40.02,Rural,2019.0,October,0,14.043333333333335,3.6900000000000004
320,2019-10-31,Delhi, Monthly,15.84,149511.0,37.9,Rural,2019.0,October,0,10.143333333333334,6.699999999999999
310,2019-10-31,Gujarat, Monthly,4.91,13828512.0,52.27,Rural,2019.0,October,0,9.963333333333335,-10.93
311,2019-10-31,Kerala,Monthly,5.35,4644510.0,36.49,Urban,2019.0,October,0,8.700000000000001,0.4399999999999995
312,2019-10-31,Maharashtra,Monthly,7.51,17221991.0,39.05,Urban,2019.0,October,0,5.923333333333335,2.16
313,2019-10-31,Jharkhand, Monthly,6.57,7761243.0,42.33,Rural,2019.0,October,0,6.4766666666666675,-0.9399999999999995
314,2019-10-31,West Bengal, Monthly,6.78,24353018.0,48.09,Rural,2019.0,October,0,6.953333333333334,0.20999999999999996
315,2019-10-31,Meghalaya, Monthly,3.7,1080609.0,63.44,Rural,2019.0,October,0,5.6833333333333345,-3.08
316,2019-10-31,Assam, Monthly,4.65,8395906.0,40.76,Rural,2019.0,October,0,5.043333333333335,0.9500000000000002
317,2019-10-31,West Bengal,Monthly,7.83,10563686.0,43.25,Urban,2019.0,October,0,5.393333333333335,3.1799999999999997
318,2019-10-31,Chhattisgarh, Monthly,6.96,7043840.0,46.28,Rural,2019.0,October,0,6.480000000000001,-0.8700000000000001
319,2019-10-31,Odisha,Monthly,4.5,2456855.0,40.51,Urban,2019.0,October,0,6.430000000000001,-2.46
321,2019-10-31,Punjab,Monthly,13.75,3070438.0,37.1,Urban,2019.0,October,0,8.403333333333334,9.25
309,2019-10-31,Jammu & Kashmir,Monthly,24.06,1029087.0,42.63,Urban,2019.0,October,0,14.103333333333333,10.309999999999999
295,2019-10-31,Madhya Pradesh,Monthly,4.4,6603715.0,38.2,Urban,2019.0,October,0,14.07,-19.659999999999997
268,2019-10-31,Telangana, Monthly,7.29,11375354.0,66.49,Rural,2019.0,October,0,11.916666666666666,2.8899999999999997
293,2019-10-31,Goa,Monthly,12.31,290264.0,41.27,Urban,2019.0,October,0,8.000000000000002,5.0200000000000005
294,2019-10-31,Delhi,Monthly,12.41,6030363.0,45.78,Urban,2019.0,October,0,10.670000000000002,0.09999999999999964
267,2019-10-31,Karnataka, Monthly,7.13,12803527.0,43.1,Rural,2019.0,October,0,10.616666666666667,-5.28
269,2019-10-31,Maharashtra, Monthly,3.81,24330249.0,47.61,Rural,2019.0,October,0,7.783333333333335,-3.32
270,2019-10-31,Sikkim, Monthly,5.48,146688.0,44.06,Rural,2019.0,October,0,5.473333333333334,1.6700000000000004
271,2019-10-31,Goa, Monthly,7.21,177440.0,40.36,Rural,2019.0,October,0,5.500000000000001,1.7299999999999995
272,2019-10-31,Jharkhand,Monthly,19.05,2460196.0,44.82,Urban,2019.0,October,0,10.58,11.84
273,2019-10-31,Chandigarh,Monthly,13.99,330856.0,40.06,Urban,2019.0,October,0,13.41666666666667,-5.0600000000000005
275,2019-10-31,Telangana,Monthly,6.74,5318341.0,44.51,Urban,2019.0,October,0,13.26,-7.25
276,2019-10-31,Bihar,Monthly,14.06,3173429.0,38.45,Urban,2019.0,October,0,11.59666666666667,7.32
277,2019-10-31,Haryana,Monthly,21.04,2821456.0,42.58,Urban,2019.0,October,0,13.946666666666667,6.979999999999999
278,2019-10-31,Punjab, Monthly,12.56,6021921.0,45.66,Rural,2019.0,October,0,15.88666666666667,-8.479999999999999
279,2019-10-31,Himachal Pradesh,Monthly,23.77,232322.0,49.69,Urban,2019.0,October,0,19.123333333333335,11.209999999999999
274,2019-10-31,Himachal Pradesh, Monthly,15.81,1946957.0,42.81,Rural,2019.0,October,0,17.380000000000003,-7.959999999999999
281,2019-10-31,Puducherry, Monthly,1.18,180283.0,44.85,Rural,2019.0,October,0,13.586666666666668,-14.63
280,2019-10-31,Assam,Monthly,11.17,1595176.0,44.01,Urban,2019.0,October,0,9.386666666666668,9.99
291,2019-10-31,Meghalaya,Monthly,7.2,234375.0,47.71,Urban,2019.0,October,0,6.516666666666669,-3.9699999999999998
290,2019-10-31,Bihar, Monthly,12.47,24053140.0,40.31,Rural,2019.0,October,0,10.280000000000003,5.2700000000000005
289,2019-10-31,Sikkim,Monthly,9.68,87974.0,46.97,Urban,2019.0,October,0,9.783333333333337,-2.790000000000001
288,2019-10-31,Uttar Pradesh,Monthly,10.35,13938303.0,39.71,Urban,2019.0,October,0,10.833333333333336,0.6699999999999999
287,2019-10-31,Jammu & Kashmir, Monthly,19.27,2477621.0,43.08,Rural,2019.0,October,0,13.100000000000001,8.92
292,2019-10-31,Rajasthan, Monthly,14.66,15178544.0,42.69,Rural,2019.0,October,0,14.76,-4.609999999999999
285,2019-10-31,Madhya Pradesh, Monthly,2.98,17060638.0,41.46,Rural,2019.0,October,0,12.303333333333335,-11.68
284,2019-10-31,Tamil Nadu,Monthly,1.13,12223948.0,38.42,Urban,2019.0,October,0,6.256666666666669,-1.85
283,2019-10-31,Andhra Pradesh, Monthly,3.52,12017412.0,43.01,Rural,2019.0,October,0,2.5433333333333357,2.39
282,2019-10-31,Tamil Nadu, Monthly,1.46,15595647.0,48.55,Rural,2019.0,October,0,2.0366666666666693,-2.06
286,2019-10-31,Tripura,Monthly,26.67,414808.0,60.0,Urban,2019.0,October,0,10.550000000000002,25.21
361,2019-11-30,Chhattisgarh, Monthly,2.77,6942931.0,43.56,Rural,2019.0,November,0,10.300000000000002,-23.900000000000002
360,2019-11-30,Gujarat, Monthly,4.68,14487815.0,54.55,Rural,2019.0,November,0,11.373333333333335,1.9099999999999997
359,2019-11-30,Kerala,Monthly,6.71,4062767.0,32.36,Urban,2019.0,November,0,4.720000000000002,2.0300000000000002
358,2019-11-30,Assam, Monthly,4.66,9625362.0,46.64,Rural,2019.0,November,0,5.350000000000002,-2.05
357,2019-11-30,Meghalaya,Monthly,3.02,293431.0,57.02,Urban,2019.0,November,0,4.7966666666666695,-1.6400000000000001
354,2019-11-30,Goa, Monthly,23.71,159489.0,44.09,Rural,2019.0,November,0,10.463333333333336,20.69
355,2019-11-30,Bihar,Monthly,17.62,3081077.0,38.86,Urban,2019.0,November,0,14.783333333333337,-6.09
353,2019-11-30,Jharkhand, Monthly,8.07,7279628.0,40.26,Rural,2019.0,November,0,16.46666666666667,-9.55
352,2019-11-30,Madhya Pradesh,Monthly,6.06,6459457.0,37.94,Urban,2019.0,November,0,10.583333333333336,-2.0100000000000007
351,2019-11-30,Meghalaya, Monthly,1.5,1205703.0,69.03,Rural,2019.0,November,0,5.210000000000002,-4.56
356,2019-11-30,Delhi,Monthly,16.11,5439600.0,43.02,Urban,2019.0,November,0,7.8900000000000015,14.61
362,2019-11-30,Andhra Pradesh,Monthly,7.54,4668772.0,36.62,Urban,2019.0,November,0,8.383333333333335,-8.57
350,2019-11-30,Telangana, Monthly,6.47,11265828.0,65.17,Rural,2019.0,November,0,10.040000000000001,-1.0700000000000003
364,2019-11-30,Chhattisgarh,Monthly,8.32,2341284.0,46.59,Urban,2019.0,November,0,7.443333333333335,1.8500000000000005
365,2019-11-30,Gujarat,Monthly,7.53,9896129.0,43.5,Urban,2019.0,November,0,7.440000000000002,-0.79
366,2019-11-30,Haryana, Monthly,16.59,4875763.0,42.48,Rural,2019.0,November,0,10.813333333333334,9.059999999999999
367,2019-11-30,Tripura, Monthly,25.25,1084633.0,64.29,Rural,2019.0,November,0,16.456666666666667,8.66
368,2019-11-30,Maharashtra, Monthly,3.68,24881383.0,48.53,Rural,2019.0,November,0,15.173333333333337,-21.57
370,2019-11-30,Delhi, Monthly,11.11,178768.0,42.71,Rural,2019.0,November,0,13.34666666666667,7.43
371,2019-11-30,Chandigarh,Monthly,22.05,289593.0,38.6,Urban,2019.0,November,0,12.280000000000001,10.940000000000001
372,2019-11-30,West Bengal, Monthly,5.83,25630359.0,50.0,Rural,2019.0,November,0,12.99666666666667,-16.22
373,2019-11-30,Madhya Pradesh, Monthly,2.72,16306428.0,39.44,Rural,2019.0,November,0,10.200000000000003,-3.11
374,2019-11-30,Assam,Monthly,6.31,1708045.0,44.59,Urban,2019.0,November,0,4.953333333333336,3.5899999999999994
375,2019-11-30,Odisha,Monthly,2.23,2594469.0,41.71,Urban,2019.0,November,0,3.7533333333333356,-4.08
376,2019-11-30,Puducherry,Monthly,1.37,275003.0,34.19,Urban,2019.0,November,0,3.303333333333335,-0.8599999999999999
363,2019-11-30,Telangana,Monthly,5.23,5338119.0,43.87,Urban,2019.0,November,0,2.9433333333333356,3.8600000000000003
349,2019-11-30,Punjab,Monthly,10.39,3602243.0,41.82,Urban,2019.0,November,0,5.663333333333337,5.16
369,2019-11-30,Jammu & Kashmir,Monthly,14.29,1226793.0,44.92,Urban,2019.0,November,0,9.970000000000002,3.8999999999999986
347,2019-11-30,Maharashtra,Monthly,7.6,17486683.0,39.61,Urban,2019.0,November,0,10.760000000000003,-6.6899999999999995
323,2019-11-30,Sikkim,Monthly,4.04,107751.0,53.8,Urban,2019.0,November,0,8.643333333333336,-3.5599999999999996
324,2019-11-30,Himachal Pradesh, Monthly,22.86,2024409.0,48.5,Rural,2019.0,November,0,11.500000000000002,18.82
325,2019-11-30,Karnataka, Monthly,1.19,11537217.0,36.45,Rural,2019.0,November,0,9.363333333333335,-21.669999999999998
326,2019-11-30,Punjab, Monthly,7.07,6395022.0,45.55,Rural,2019.0,November,0,10.373333333333335,5.880000000000001
327,2019-11-30,Haryana,Monthly,27.06,2404239.0,39.18,Urban,2019.0,November,0,11.773333333333335,19.99
328,2019-11-30,Sikkim, Monthly,13.11,162426.0,53.04,Rural,2019.0,November,0,15.74666666666667,-13.95
348,2019-11-30,Uttar Pradesh,Monthly,11.31,14128888.0,40.6,Urban,2019.0,November,0,17.160000000000004,-1.799999999999999
329,2019-11-30,Puducherry, Monthly,0.0,142787.0,35.0,Rural,2019.0,November,0,8.140000000000002,-11.31
330,2019-11-30,Tamil Nadu, Monthly,2.46,16223430.0,50.95,Rural,2019.0,November,0,4.5900000000000025,2.46
331,2019-11-30,Tripura,Monthly,27.15,427700.0,62.14,Urban,2019.0,November,0,9.870000000000003,24.689999999999998
332,2019-11-30,Rajasthan, Monthly,10.47,15278556.0,40.87,Rural,2019.0,November,0,13.360000000000001,-16.68
333,2019-11-30,Jammu & Kashmir, Monthly,14.73,2415724.0,39.69,Rural,2019.0,November,0,17.450000000000003,4.26
322,2019-11-30,Himachal Pradesh,Monthly,27.27,233029.0,52.17,Urban,2019.0,November,0,17.490000000000002,12.54
335,2019-11-30,Odisha, Monthly,4.72,12192623.0,44.06,Rural,2019.0,November,0,15.573333333333336,-22.55
346,2019-11-30,Bihar, Monthly,12.4,22445989.0,37.51,Rural,2019.0,November,0,14.796666666666667,7.680000000000001
345,2019-11-30,Andhra Pradesh, Monthly,4.12,11397681.0,41.0,Rural,2019.0,November,0,7.080000000000003,-8.280000000000001
344,2019-11-30,Uttarakhand, Monthly,5.56,2007113.0,36.73,Rural,2019.0,November,0,7.360000000000003,1.4399999999999995
334,2019-11-30,Rajasthan,Monthly,14.3,5306715.0,40.73,Urban,2019.0,November,0,7.993333333333336,8.740000000000002
342,2019-11-30,Uttarakhand,Monthly,6.34,904903.0,33.61,Urban,2019.0,November,0,8.733333333333336,-7.960000000000001
343,2019-11-30,Karnataka,Monthly,3.44,8613835.0,38.6,Urban,2019.0,November,0,8.026666666666669,-2.9
340,2019-11-30,Jharkhand,Monthly,17.34,2424281.0,43.17,Urban,2019.0,November,0,9.040000000000003,13.9
339,2019-11-30,Tamil Nadu,Monthly,2.65,11729952.0,37.38,Urban,2019.0,November,0,7.810000000000002,-14.69
338,2019-11-30,Uttar Pradesh, Monthly,6.94,43261530.0,38.01,Rural,2019.0,November,0,8.976666666666668,4.290000000000001
337,2019-11-30,Goa,Monthly,25.2,271612.0,45.22,Urban,2019.0,November,0,11.59666666666667,18.259999999999998
336,2019-11-30,West Bengal,Monthly,6.61,10768462.0,43.44,Urban,2019.0,November,0,12.91666666666667,-18.59
341,2019-11-30,Kerala, Monthly,5.0,4557906.0,32.71,Rural,2019.0,November,0,12.270000000000003,-1.6100000000000003
415,2019-12-31,Madhya Pradesh, Monthly,2.94,16854647.0,40.77,Rural,2019.0,December,0,4.850000000000002,-2.06
414,2019-12-31,West Bengal,Monthly,7.24,11335696.0,45.97,Urban,2019.0,December,0,5.060000000000002,4.300000000000001
413,2019-12-31,Meghalaya,Monthly,5.21,267417.0,53.04,Urban,2019.0,December,0,5.130000000000003,-2.0300000000000002
412,2019-12-31,Odisha,Monthly,3.36,2369048.0,38.46,Urban,2019.0,December,0,5.270000000000002,-1.85
406,2019-12-31,Jharkhand, Monthly,15.15,6873437.0,41.09,Rural,2019.0,December,0,7.906666666666669,11.790000000000001
410,2019-12-31,Haryana,Monthly,23.65,2548835.0,39.57,Urban,2019.0,December,0,14.053333333333335,8.499999999999998
409,2019-12-31,Delhi, Monthly,16.97,145671.0,37.08,Rural,2019.0,December,0,18.59,-6.68
408,2019-12-31,Karnataka, Monthly,0.41,12756132.0,39.92,Rural,2019.0,December,0,13.676666666666668,-16.56
407,2019-12-31,Andhra Pradesh, Monthly,4.38,12528395.0,45.14,Rural,2019.0,December,0,7.253333333333335,3.9699999999999998
416,2019-12-31,Tripura,Monthly,33.48,399427.0,63.41,Urban,2019.0,December,0,12.756666666666668,29.099999999999998
411,2019-12-31,Uttarakhand,Monthly,7.39,844779.0,31.65,Urban,2019.0,December,0,15.083333333333336,-26.089999999999996
417,2019-12-31,Madhya Pradesh,Monthly,6.2,6787403.0,39.83,Urban,2019.0,December,0,15.690000000000003,-1.1899999999999995
423,2019-12-31,Jammu & Kashmir,Monthly,7.02,1209085.0,40.71,Urban,2019.0,December,0,6.870000000000002,0.8199999999999994
419,2019-12-31,Goa,Monthly,16.22,288154.0,42.77,Urban,2019.0,December,0,9.813333333333334,9.2
420,2019-12-31,Kerala,Monthly,7.31,4440283.0,35.56,Urban,2019.0,December,0,10.183333333333335,-8.91
421,2019-12-31,Goa, Monthly,3.54,177155.0,38.7,Rural,2019.0,December,0,9.023333333333335,-3.7699999999999996
422,2019-12-31,Chandigarh,Monthly,8.33,311146.0,35.19,Urban,2019.0,December,0,6.393333333333335,4.79
424,2019-12-31,Jharkhand,Monthly,22.01,2290170.0,43.14,Urban,2019.0,December,0,11.293333333333337,13.680000000000001
425,2019-12-31,Chhattisgarh,Monthly,3.57,2415436.0,45.59,Urban,2019.0,December,0,11.303333333333336,-18.44
426,2019-12-31,Delhi,Monthly,11.07,5718337.0,42.56,Urban,2019.0,December,0,12.216666666666669,7.5
427,2019-12-31,Chhattisgarh, Monthly,6.11,6569385.0,42.59,Rural,2019.0,December,0,6.916666666666669,-4.96
428,2019-12-31,Gujarat,Monthly,5.71,10172812.0,43.75,Urban,2019.0,December,0,7.630000000000003,-0.40000000000000036
429,2019-12-31,Telangana,Monthly,4.22,5317782.0,43.13,Urban,2019.0,December,0,5.3466666666666685,-1.4900000000000002
405,2019-12-31,Bihar, Monthly,10.16,22914530.0,37.25,Rural,2019.0,December,0,6.696666666666669,5.94
418,2019-12-31,Maharashtra,Monthly,7.83,16581144.0,37.57,Urban,2019.0,December,0,7.403333333333336,-2.33
404,2019-12-31,Kerala, Monthly,10.77,5065804.0,38.67,Rural,2019.0,December,0,9.586666666666668,2.9399999999999995
402,2019-12-31,Tamil Nadu,Monthly,8.05,12260389.0,41.29,Urban,2019.0,December,0,8.883333333333335,-2.719999999999999
377,2019-12-31,Tripura, Monthly,26.53,1046878.0,63.02,Rural,2019.0,December,0,15.116666666666669,18.48
403,2019-12-31,Andhra Pradesh,Monthly,7.88,4913963.0,38.61,Urban,2019.0,December,0,14.153333333333336,-18.650000000000002
378,2019-12-31,Punjab,Monthly,11.97,3575778.0,42.17,Urban,2019.0,December,0,15.460000000000003,4.090000000000001
379,2019-12-31,Odisha, Monthly,4.67,11345069.0,40.91,Rural,2019.0,December,0,8.173333333333337,-7.300000000000001
380,2019-12-31,Haryana, Monthly,29.56,4603484.0,47.4,Rural,2019.0,December,0,15.4,24.89
381,2019-12-31,West Bengal, Monthly,5.79,24906239.0,48.47,Rural,2019.0,December,0,13.340000000000003,-23.77
382,2019-12-31,Uttarakhand, Monthly,4.52,1947566.0,35.19,Rural,2019.0,December,0,13.290000000000001,-1.2700000000000005
383,2019-12-31,Telangana, Monthly,1.35,11068056.0,60.61,Rural,2019.0,December,0,3.886666666666668,-3.1699999999999995
385,2019-12-31,Uttar Pradesh,Monthly,12.37,13857200.0,40.21,Urban,2019.0,December,0,6.080000000000001,11.02
386,2019-12-31,Uttar Pradesh, Monthly,8.43,44640087.0,39.77,Rural,2019.0,December,0,7.3833333333333355,-3.9399999999999995
387,2019-12-31,Karnataka,Monthly,1.56,8592376.0,37.66,Urban,2019.0,December,0,7.453333333333334,-6.869999999999999
388,2019-12-31,Tamil Nadu, Monthly,3.73,15356938.0,48.8,Rural,2019.0,December,0,4.573333333333335,2.17
389,2019-12-31,Punjab, Monthly,6.13,6164215.0,43.4,Rural,2019.0,December,0,3.8066666666666684,2.4
384,2019-12-31,Meghalaya, Monthly,1.8,1102997.0,63.18,Rural,2019.0,December,0,3.8866666666666685,-4.33
391,2019-12-31,Rajasthan, Monthly,13.96,15485307.0,43.0,Rural,2019.0,December,0,7.2966666666666695,12.16
390,2019-12-31,Gujarat, Monthly,3.46,13877825.0,51.51,Rural,2019.0,December,0,6.40666666666667,-10.5
400,2019-12-31,Rajasthan,Monthly,18.04,5109481.0,40.9,Urban,2019.0,December,0,11.820000000000002,14.579999999999998
399,2019-12-31,Maharashtra, Monthly,3.03,26357625.0,50.98,Rural,2019.0,December,0,8.17666666666667,-15.01
398,2019-12-31,Himachal Pradesh,Monthly,25.32,241366.0,52.55,Urban,2019.0,December,0,15.463333333333336,22.29
397,2019-12-31,Sikkim,Monthly,7.37,88035.0,45.24,Urban,2019.0,December,0,11.906666666666668,-17.95
401,2019-12-31,Puducherry,Monthly,5.21,313135.0,40.42,Urban,2019.0,December,0,12.633333333333335,-2.16
395,2019-12-31,Assam,Monthly,5.02,1722303.0,44.26,Urban,2019.0,December,0,5.86666666666667,-0.1900000000000004
394,2019-12-31,Himachal Pradesh, Monthly,19.46,1922821.0,44.05,Rural,2019.0,December,0,9.89666666666667,14.440000000000001
393,2019-12-31,Bihar,Monthly,14.91,2977857.0,36.29,Urban,2019.0,December,0,13.130000000000004,-4.550000000000001
392,2019-12-31,Puducherry, Monthly,1.99,180808.0,45.07,Rural,2019.0,December,0,12.120000000000003,-12.92
396,2019-12-31,Sikkim, Monthly,1.0,161647.0,46.3,Rural,2019.0,December,0,5.966666666666669,-0.99
468,2020-01-31,Jharkhand, Monthly,6.16,7868736.0,42.43,Rural,2020.0,January,0,3.0500000000000025,5.16
467,2020-01-31,Andhra Pradesh, Monthly,4.84,12016676.0,43.46,Rural,2020.0,January,0,4.000000000000003,-1.3200000000000003
466,2020-01-31,Rajasthan, Monthly,8.0,15484353.0,40.12,Rural,2020.0,January,0,6.333333333333336,3.16
465,2020-01-31,Kerala,Monthly,6.65,4597507.0,36.53,Urban,2020.0,January,0,6.49666666666667,-1.3499999999999996
464,2020-01-31,Telangana, Monthly,5.02,12065915.0,68.51,Rural,2020.0,January,0,6.556666666666669,-1.6300000000000008
462,2020-01-31,Odisha, Monthly,1.81,11182128.0,39.09,Rural,2020.0,January,0,4.493333333333336,-3.2099999999999995
461,2020-01-31,Jharkhand,Monthly,22.96,2329293.0,44.33,Urban,2020.0,January,0,9.930000000000001,21.150000000000002
460,2020-01-31,Uttarakhand,Monthly,8.92,725253.0,27.55,Urban,2020.0,January,0,11.230000000000002,-14.040000000000001
459,2020-01-31,Tripura, Monthly,31.91,1057975.0,68.61,Rural,2020.0,January,0,21.263333333333335,22.990000000000002
469,2020-01-31,Chhattisgarh, Monthly,9.89,6236201.0,42.03,Rural,2020.0,January,0,16.90666666666667,-22.02
463,2020-01-31,Haryana, Monthly,16.21,5062293.0,43.74,Rural,2020.0,January,0,19.33666666666667,6.32
470,2020-01-31,Karnataka, Monthly,2.57,13938874.0,44.52,Rural,2020.0,January,0,9.55666666666667,-13.64
458,2020-01-31,Himachal Pradesh, Monthly,16.67,2041035.0,45.11,Rural,2020.0,January,0,11.816666666666672,14.100000000000001
472,2020-01-31,Maharashtra,Monthly,6.67,16715470.0,37.32,Urban,2020.0,January,0,8.63666666666667,-10.000000000000002
473,2020-01-31,Puducherry,Monthly,0.57,281698.0,34.59,Urban,2020.0,January,0,7.970000000000003,-6.1
474,2020-01-31,Jammu & Kashmir, Monthly,22.19,2373488.0,42.56,Rural,2020.0,January,0,9.810000000000004,21.62
475,2020-01-31,Goa,Monthly,10.92,257814.0,35.95,Urban,2020.0,January,0,11.226666666666672,-11.270000000000001
476,2020-01-31,Himachal Pradesh,Monthly,18.15,246596.0,48.92,Urban,2020.0,January,0,17.08666666666667,7.229999999999999
477,2020-01-31,Punjab, Monthly,9.69,6189471.0,45.22,Rural,2020.0,January,0,12.920000000000003,-8.459999999999999
478,2020-01-31,Gujarat,Monthly,5.82,9824501.0,42.19,Urban,2020.0,January,0,11.220000000000004,-3.869999999999999
479,2020-01-31,Puducherry, Monthly,0.58,176252.0,43.18,Rural,2020.0,January,0,5.363333333333337,-5.24
480,2020-01-31,Tamil Nadu, Monthly,1.18,14954646.0,46.23,Rural,2020.0,January,0,2.5266666666666704,0.6
481,2020-01-31,Haryana,Monthly,27.24,2630938.0,42.75,Urban,2020.0,January,0,9.66666666666667,26.06
482,2020-01-31,Meghalaya,Monthly,4.76,261687.0,51.53,Urban,2020.0,January,0,11.060000000000004,-22.479999999999997
471,2020-01-31,Rajasthan,Monthly,18.82,5157363.0,41.59,Urban,2020.0,January,0,16.940000000000005,14.06
457,2020-01-31,Bihar, Monthly,9.13,23409006.0,37.54,Rural,2020.0,January,0,10.903333333333338,-9.69
455,2020-01-31,Tripura,Monthly,34.37,450155.0,72.26,Urban,2020.0,January,0,20.773333333333337,25.239999999999995
456,2020-01-31,Karnataka,Monthly,3.31,8749154.0,38.94,Urban,2020.0,January,0,15.603333333333339,-31.06
430,2020-01-31,Chhattisgarh,Monthly,9.01,2315972.0,46.21,Urban,2020.0,January,0,15.563333333333338,5.699999999999999
431,2020-01-31,Gujarat, Monthly,5.35,14301844.0,54.07,Rural,2020.0,January,0,5.890000000000005,-3.66
432,2020-01-31,Maharashtra, Monthly,3.8,25881398.0,50.36,Rural,2020.0,January,0,6.053333333333338,-1.5499999999999998
433,2020-01-31,Goa, Monthly,5.38,158936.0,35.36,Rural,2020.0,January,0,4.843333333333338,1.58
434,2020-01-31,Bihar,Monthly,20.69,2988665.0,38.99,Urban,2020.0,January,0,9.956666666666672,15.310000000000002
435,2020-01-31,Madhya Pradesh, Monthly,3.66,16183702.0,39.35,Rural,2020.0,January,0,9.910000000000005,-17.03
436,2020-01-31,Chandigarh,Monthly,20.0,332062.0,42.94,Urban,2020.0,January,0,14.783333333333339,16.34
438,2020-01-31,Assam,Monthly,7.24,1630908.0,42.82,Urban,2020.0,January,0,10.300000000000004,-12.76
439,2020-01-31,Telangana,Monthly,6.49,5543380.0,45.95,Urban,2020.0,January,0,11.24333333333334,-0.75
440,2020-01-31,Madhya Pradesh,Monthly,5.17,6834930.0,39.59,Urban,2020.0,January,0,6.300000000000004,-1.3200000000000003
441,2020-01-31,Uttar Pradesh, Monthly,6.06,45777509.0,39.67,Rural,2020.0,January,0,5.906666666666671,0.8899999999999997
442,2020-01-31,Andhra Pradesh,Monthly,7.11,4618860.0,35.91,Urban,2020.0,January,0,6.113333333333338,1.0500000000000007
437,2020-01-31,Jammu & Kashmir,Monthly,18.54,1079537.0,41.4,Urban,2020.0,January,0,10.570000000000006,11.43
444,2020-01-31,Delhi, Monthly,13.48,157791.0,38.36,Rural,2020.0,January,0,13.043333333333338,-5.059999999999999
443,2020-01-31,Punjab,Monthly,13.68,3252622.0,39.04,Urban,2020.0,January,0,15.23333333333334,0.1999999999999993
453,2020-01-31,Assam, Monthly,4.29,11420996.0,54.9,Rural,2020.0,January,0,10.48333333333334,-9.39
452,2020-01-31,Meghalaya, Monthly,0.97,1229406.0,69.66,Rural,2020.0,January,0,6.31333333333334,-3.3200000000000003
451,2020-01-31,Uttarakhand, Monthly,4.17,1986386.0,35.69,Rural,2020.0,January,0,3.1433333333333393,3.2
450,2020-01-31,Delhi,Monthly,22.45,5647493.0,48.09,Urban,2020.0,January,0,9.196666666666673,18.28
454,2020-01-31,Odisha,Monthly,2.28,2561320.0,41.05,Urban,2020.0,January,0,9.63333333333334,-20.169999999999998
448,2020-01-31,Tamil Nadu,Monthly,2.05,11926995.0,37.64,Urban,2020.0,January,0,8.926666666666671,-0.22999999999999998
447,2020-01-31,Uttar Pradesh,Monthly,12.34,13656250.0,39.52,Urban,2020.0,January,0,5.556666666666672,10.29
446,2020-01-31,West Bengal, Monthly,6.79,24612171.0,48.3,Rural,2020.0,January,0,7.060000000000006,-5.55
445,2020-01-31,Kerala, Monthly,4.11,5307026.0,37.66,Rural,2020.0,January,0,7.746666666666672,-2.6799999999999997
449,2020-01-31,West Bengal,Monthly,7.27,11208617.0,45.39,Urban,2020.0,January,0,6.056666666666672,3.1599999999999993
520,2020-02-29,Haryana,Monthly,23.29,2752834.0,42.32,Urban,2020.0,February,0,11.556666666666672,16.02
519,2020-02-29,Telangana, Monthly,9.02,11304474.0,66.92,Rural,2020.0,February,0,13.193333333333337,-14.27
518,2020-02-29,Haryana, Monthly,27.19,4570108.0,45.37,Rural,2020.0,February,0,19.83333333333334,18.17
517,2020-02-29,Karnataka,Monthly,2.88,8924061.0,39.45,Urban,2020.0,February,0,13.030000000000006,-24.310000000000002
516,2020-02-29,Jharkhand,Monthly,19.67,2493023.0,45.42,Urban,2020.0,February,0,16.580000000000005,16.790000000000003
514,2020-02-29,Madhya Pradesh,Monthly,4.96,6533435.0,37.68,Urban,2020.0,February,0,9.170000000000005,-14.71
513,2020-02-29,Himachal Pradesh,Monthly,27.31,227804.0,50.82,Urban,2020.0,February,0,17.313333333333336,22.349999999999998
512,2020-02-29,Maharashtra,Monthly,5.34,17122782.0,37.61,Urban,2020.0,February,0,12.53666666666667,-21.97
511,2020-02-29,Himachal Pradesh, Monthly,15.42,1952464.0,42.45,Rural,2020.0,February,0,16.023333333333337,10.08
521,2020-02-29,Tamil Nadu, Monthly,1.17,15828488.0,48.86,Rural,2020.0,February,0,7.310000000000005,-14.25
515,2020-02-29,Kerala,Monthly,6.08,4624444.0,36.48,Urban,2020.0,February,0,7.556666666666672,4.91
522,2020-02-29,Punjab, Monthly,10.41,6009820.0,44.19,Rural,2020.0,February,0,5.886666666666671,4.33
509,2020-02-29,Punjab,Monthly,11.99,3219227.0,37.82,Urban,2020.0,February,0,9.49333333333334,1.58
524,2020-02-29,Jammu & Kashmir,Monthly,19.86,1060116.0,41.23,Urban,2020.0,February,0,14.086666666666673,7.869999999999999
525,2020-02-29,Tamil Nadu,Monthly,3.31,11742101.0,37.48,Urban,2020.0,February,0,11.720000000000006,-16.55
526,2020-02-29,Meghalaya, Monthly,2.76,1112864.0,64.06,Rural,2020.0,February,0,8.643333333333338,-0.5500000000000003
527,2020-02-29,Maharashtra, Monthly,4.24,25293535.0,49.36,Rural,2020.0,February,0,3.4366666666666714,1.4800000000000004
528,2020-02-29,Bihar, Monthly,9.61,23168192.0,37.28,Rural,2020.0,February,0,5.5366666666666715,5.369999999999999
529,2020-02-29,Madhya Pradesh, Monthly,4.42,16178044.0,39.57,Rural,2020.0,February,0,6.090000000000004,-5.1899999999999995
530,2020-02-29,Telangana,Monthly,6.74,5521496.0,45.78,Urban,2020.0,February,0,6.923333333333338,2.3200000000000003
531,2020-02-29,Kerala, Monthly,8.91,5203579.0,38.84,Rural,2020.0,February,0,6.690000000000005,2.17
532,2020-02-29,Jharkhand, Monthly,9.06,7932402.0,44.05,Rural,2020.0,February,0,8.236666666666672,0.15000000000000036
533,2020-02-29,Tripura,Monthly,33.88,415339.0,66.04,Urban,2020.0,February,0,17.28333333333334,24.82
534,2020-02-29,Jammu & Kashmir, Monthly,21.23,2163397.0,38.25,Rural,2020.0,February,0,21.390000000000004,-12.650000000000002
510,2020-02-29,Rajasthan,Monthly,17.02,5288343.0,41.62,Urban,2020.0,February,0,24.04333333333334,-4.210000000000001
523,2020-02-29,Puducherry, Monthly,1.74,183619.0,45.38,Rural,2020.0,February,0,13.330000000000005,-15.28
535,2020-02-29,Odisha, Monthly,3.31,11842655.0,41.98,Rural,2020.0,February,0,7.356666666666672,1.57
502,2020-02-29,Uttarakhand, Monthly,4.85,2057523.0,37.16,Rural,2020.0,February,0,3.3000000000000043,1.5399999999999996
507,2020-02-29,Gujarat, Monthly,6.64,13973042.0,53.48,Rural,2020.0,February,0,4.933333333333338,1.79
483,2020-02-29,Odisha,Monthly,2.19,2438080.0,38.97,Urban,2020.0,February,0,4.560000000000004,-4.449999999999999
484,2020-02-29,Chandigarh,Monthly,16.67,316887.0,39.25,Urban,2020.0,February,0,8.500000000000005,14.480000000000002
485,2020-02-29,Chhattisgarh,Monthly,9.79,2347941.0,47.14,Urban,2020.0,February,0,9.550000000000004,-6.880000000000003
486,2020-02-29,Puducherry,Monthly,1.78,310342.0,38.5,Urban,2020.0,February,0,9.41333333333334,-8.01
487,2020-02-29,Rajasthan, Monthly,14.48,15040572.0,41.83,Rural,2020.0,February,0,8.683333333333337,12.700000000000001
488,2020-02-29,Karnataka, Monthly,4.11,12753657.0,41.33,Rural,2020.0,February,0,6.790000000000005,-10.370000000000001
508,2020-02-29,Bihar,Monthly,15.11,3113464.0,37.87,Urban,2020.0,February,0,11.23333333333334,11.0
490,2020-02-29,Delhi, Monthly,13.81,147500.0,35.84,Rural,2020.0,February,0,11.010000000000005,-1.299999999999999
491,2020-02-29,Goa, Monthly,0.0,171672.0,36.11,Rural,2020.0,February,0,9.640000000000006,-13.81
492,2020-02-29,Meghalaya,Monthly,7.37,233965.0,47.26,Urban,2020.0,February,0,7.060000000000005,7.37
493,2020-02-29,Chhattisgarh, Monthly,7.89,6847173.0,45.05,Rural,2020.0,February,0,5.086666666666671,0.5199999999999996
494,2020-02-29,Tripura, Monthly,26.22,1169347.0,69.88,Rural,2020.0,February,0,13.82666666666667,18.33
489,2020-02-29,Uttarakhand,Monthly,5.28,963408.0,35.11,Urban,2020.0,February,0,13.130000000000004,-20.939999999999998
496,2020-02-29,Assam,Monthly,9.98,1625454.0,43.9,Urban,2020.0,February,0,13.826666666666673,4.7
497,2020-02-29,Andhra Pradesh,Monthly,5.66,4822035.0,36.84,Urban,2020.0,February,0,6.973333333333339,-4.32
498,2020-02-29,West Bengal,Monthly,7.55,10871168.0,44.09,Urban,2020.0,February,0,7.730000000000005,1.8899999999999997
499,2020-02-29,Delhi,Monthly,14.86,5708807.0,44.18,Urban,2020.0,February,0,9.356666666666671,7.31
500,2020-02-29,Goa,Monthly,4.31,306396.0,39.73,Urban,2020.0,February,0,8.906666666666672,-10.55
501,2020-02-29,West Bengal, Monthly,3.78,26093009.0,49.51,Rural,2020.0,February,0,7.650000000000005,-0.5299999999999998
503,2020-02-29,Assam, Monthly,3.26,8462814.0,40.17,Rural,2020.0,February,0,3.783333333333338,-0.52
504,2020-02-29,Uttar Pradesh, Monthly,8.12,44257432.0,39.13,Rural,2020.0,February,0,5.053333333333338,4.859999999999999
505,2020-02-29,Gujarat,Monthly,6.04,10784753.0,46.31,Urban,2020.0,February,0,5.806666666666671,-2.079999999999999
506,2020-02-29,Andhra Pradesh, Monthly,5.91,11723617.0,42.83,Rural,2020.0,February,0,6.690000000000005,-0.1299999999999999
495,2020-02-29,Uttar Pradesh,Monthly,11.65,13803099.0,39.54,Urban,2020.0,February,0,7.866666666666672,5.74
573,2020-03-31,Maharashtra,Monthly,6.34,17065830.0,37.8,Urban,2020.0,March,1,7.966666666666671,-5.3100000000000005
572,2020-03-31,Sikkim,Monthly,20.45,86186.0,50.57,Urban,2020.0,March,1,12.813333333333338,14.11
571,2020-03-31,Tamil Nadu,Monthly,6.46,10982178.0,36.17,Urban,2020.0,March,1,11.083333333333337,-13.989999999999998
570,2020-03-31,Madhya Pradesh,Monthly,4.8,6386723.0,36.68,Urban,2020.0,March,1,10.570000000000006,-1.6600000000000001
569,2020-03-31,Odisha,Monthly,3.96,2457952.0,39.93,Urban,2020.0,March,1,5.073333333333338,-0.8399999999999999
564,2020-03-31,Meghalaya,Monthly,2.8,289735.0,55.64,Urban,2020.0,March,1,3.8533333333333375,-1.1600000000000001
567,2020-03-31,Punjab,Monthly,9.97,3601793.0,41.29,Urban,2020.0,March,1,5.5766666666666715,7.170000000000001
566,2020-03-31,Uttar Pradesh,Monthly,12.32,13889632.0,40.0,Urban,2020.0,March,1,8.363333333333339,2.3499999999999996
565,2020-03-31,West Bengal,Monthly,6.67,10806105.0,43.34,Urban,2020.0,March,1,9.653333333333338,-5.65
574,2020-03-31,Rajasthan,Monthly,18.54,4964911.0,39.71,Urban,2020.0,March,1,12.510000000000005,11.87
568,2020-03-31,Telangana,Monthly,6.1,5313236.0,43.65,Urban,2020.0,March,1,10.436666666666673,-12.44
575,2020-03-31,Assam,Monthly,10.34,1664145.0,45.03,Urban,2020.0,March,1,11.660000000000004,4.24
563,2020-03-31,Madhya Pradesh, Monthly,1.19,16480441.0,38.9,Rural,2020.0,March,1,5.876666666666671,-9.15
577,2020-03-31,Andhra Pradesh,Monthly,9.88,4521537.0,36.08,Urban,2020.0,March,1,7.136666666666671,8.690000000000001
578,2020-03-31,Uttar Pradesh, Monthly,9.37,43086706.0,38.53,Rural,2020.0,March,1,6.813333333333337,-0.5100000000000016
587,2020-03-31,Tripura,Monthly,25.69,450271.0,63.56,Urban,2020.0,March,1,14.980000000000004,16.32
579,2020-03-31,Goa,Monthly,4.76,277093.0,36.05,Urban,2020.0,March,1,13.27333333333334,-20.93
580,2020-03-31,Delhi,Monthly,17.09,5401392.0,42.82,Urban,2020.0,March,1,15.846666666666671,12.33
581,2020-03-31,Bihar, Monthly,15.39,22667882.0,38.88,Rural,2020.0,March,1,12.41333333333334,-1.6999999999999993
582,2020-03-31,Chhattisgarh,Monthly,8.21,2407509.0,47.39,Urban,2020.0,March,1,13.56333333333334,-7.18
583,2020-03-31,Chandigarh,Monthly,21.43,279839.0,36.68,Urban,2020.0,March,1,15.010000000000005,13.219999999999999
584,2020-03-31,Kerala, Monthly,8.85,4141953.0,30.87,Rural,2020.0,March,1,12.830000000000005,-12.58
585,2020-03-31,Haryana, Monthly,23.92,4366148.0,41.4,Rural,2020.0,March,1,18.066666666666674,15.070000000000002
586,2020-03-31,Punjab, Monthly,10.51,6373692.0,46.85,Rural,2020.0,March,1,14.426666666666671,-13.410000000000002
576,2020-03-31,Uttarakhand,Monthly,8.15,889245.0,33.33,Urban,2020.0,March,1,14.193333333333337,-2.3599999999999994
562,2020-03-31,Puducherry,Monthly,0.62,278851.0,34.12,Urban,2020.0,March,1,6.426666666666672,-7.53
544,2020-03-31,Meghalaya, Monthly,1.28,1192616.0,67.46,Rural,2020.0,March,1,3.350000000000005,0.66
560,2020-03-31,Bihar,Monthly,15.73,3049637.0,37.29,Urban,2020.0,March,1,5.876666666666672,14.450000000000001
536,2020-03-31,Gujarat, Monthly,7.59,13483615.0,52.06,Rural,2020.0,March,1,8.200000000000005,-8.14
537,2020-03-31,Rajasthan, Monthly,9.47,15059769.0,39.47,Rural,2020.0,March,1,10.930000000000007,1.8800000000000008
538,2020-03-31,Puducherry, Monthly,2.31,142176.0,35.23,Rural,2020.0,March,1,6.4566666666666706,-7.16
539,2020-03-31,Tamil Nadu, Monthly,6.36,15848590.0,51.56,Rural,2020.0,March,1,6.046666666666671,4.050000000000001
540,2020-03-31,Odisha, Monthly,15.09,9814156.0,39.55,Rural,2020.0,March,1,7.920000000000004,8.73
541,2020-03-31,West Bengal, Monthly,7.02,25097812.0,49.18,Rural,2020.0,March,1,9.490000000000004,-8.07
542,2020-03-31,Tripura, Monthly,31.61,1060946.0,68.28,Rural,2020.0,March,1,17.90666666666667,24.59
543,2020-03-31,Delhi, Monthly,15.18,152413.0,37.45,Rural,2020.0,March,1,17.93666666666667,-16.43
545,2020-03-31,Chhattisgarh, Monthly,7.31,6894808.0,44.98,Rural,2020.0,March,1,18.03333333333334,-7.87
546,2020-03-31,Telangana, Monthly,5.63,12028377.0,68.53,Rural,2020.0,March,1,9.373333333333337,-1.6799999999999997
547,2020-03-31,Haryana,Monthly,27.14,2275407.0,36.73,Urban,2020.0,March,1,13.360000000000005,21.51
561,2020-03-31,Gujarat,Monthly,5.39,10083026.0,42.9,Urban,2020.0,March,1,12.720000000000004,-21.75
549,2020-03-31,Karnataka, Monthly,2.39,12853818.0,40.85,Rural,2020.0,March,1,11.640000000000006,-2.9999999999999996
550,2020-03-31,Kerala,Monthly,9.14,4079775.0,33.24,Urban,2020.0,March,1,5.640000000000005,6.75
551,2020-03-31,Assam, Monthly,3.77,9878742.0,47.05,Rural,2020.0,March,1,5.100000000000004,-5.370000000000001
552,2020-03-31,Karnataka,Monthly,4.92,9225835.0,41.55,Urban,2020.0,March,1,5.943333333333338,1.15
553,2020-03-31,Andhra Pradesh, Monthly,4.06,11359660.0,40.66,Rural,2020.0,March,1,4.250000000000004,-0.8600000000000003
554,2020-03-31,Jharkhand,Monthly,16.4,2480661.0,43.34,Urban,2020.0,March,1,8.460000000000004,12.34
555,2020-03-31,Jammu & Kashmir,Monthly,14.29,998103.0,36.21,Urban,2020.0,March,1,11.583333333333337,-2.1099999999999994
556,2020-03-31,Himachal Pradesh, Monthly,17.71,1800426.0,40.17,Rural,2020.0,March,1,16.133333333333336,3.4200000000000017
557,2020-03-31,Jharkhand, Monthly,5.01,7157454.0,37.96,Rural,2020.0,March,1,12.336666666666671,-12.700000000000001
558,2020-03-31,Himachal Pradesh,Monthly,26.44,221432.0,48.74,Urban,2020.0,March,1,16.386666666666674,21.43
559,2020-03-31,Jammu & Kashmir, Monthly,16.0,2361004.0,39.06,Rural,2020.0,March,1,15.816666666666672,-10.440000000000001
548,2020-03-31,Maharashtra, Monthly,5.38,23130976.0,45.6,Rural,2020.0,March,1,15.940000000000007,-10.620000000000001
624,2020-04-30,Tripura, Monthly,43.64,675083.0,52.63,Rural,2020.0,April,1,21.673333333333336,38.26
623,2020-04-30,Tripura,Monthly,34.88,296431.0,47.65,Urban,2020.0,April,1,27.966666666666672,-8.759999999999998
622,2020-04-30,Punjab,Monthly,1.13,2298975.0,23.95,Urban,2020.0,April,1,26.550000000000008,-33.75
621,2020-04-30,Meghalaya, Monthly,8.38,803118.0,48.83,Rural,2020.0,April,1,14.796666666666672,7.250000000000001
616,2020-04-30,Tamil Nadu,Monthly,45.55,4632967.0,26.17,Urban,2020.0,April,1,18.353333333333335,37.169999999999995
619,2020-04-30,Himachal Pradesh, Monthly,2.13,984171.0,18.43,Rural,2020.0,April,1,18.68666666666667,-43.419999999999995
618,2020-04-30,Uttar Pradesh, Monthly,19.92,39970677.0,40.37,Rural,2020.0,April,1,22.533333333333335,17.790000000000003
617,2020-04-30,Gujarat, Monthly,12.0,8587594.0,34.77,Rural,2020.0,April,1,11.350000000000003,-7.920000000000002
625,2020-04-30,Madhya Pradesh,Monthly,11.94,4802873.0,29.76,Urban,2020.0,April,1,14.620000000000003,-0.0600000000000005
620,2020-04-30,Gujarat,Monthly,25.94,6701284.0,36.33,Urban,2020.0,April,1,16.62666666666667,14.000000000000002
626,2020-04-30,Uttarakhand, Monthly,3.66,1972074.0,35.04,Rural,2020.0,April,1,13.84666666666667,-22.28
632,2020-04-30,Rajasthan,Monthly,35.53,2932923.0,29.57,Urban,2020.0,April,1,21.710000000000004,31.87
628,2020-04-30,Telangana, Monthly,4.51,8793799.0,49.44,Rural,2020.0,April,1,14.566666666666668,-31.020000000000003
629,2020-04-30,Karnataka,Monthly,25.12,7387995.0,42.14,Urban,2020.0,April,1,21.720000000000002,20.61
630,2020-04-30,Odisha, Monthly,24.48,5562449.0,25.16,Rural,2020.0,April,1,18.036666666666672,-0.6400000000000006
631,2020-04-30,Tamil Nadu, Monthly,53.19,5086200.0,33.05,Rural,2020.0,April,1,34.26333333333334,28.709999999999997
633,2020-04-30,Goa, Monthly,15.91,181657.0,45.36,Rural,2020.0,April,1,31.19333333333334,-37.28
634,2020-04-30,Sikkim, Monthly,0.0,133399.0,37.72,Rural,2020.0,April,1,23.033333333333335,-15.91
635,2020-04-30,West Bengal,Monthly,15.63,9299466.0,41.2,Urban,2020.0,April,1,10.513333333333335,15.63
636,2020-04-30,Puducherry, Monthly,74.51,49420.0,46.79,Rural,2020.0,April,1,30.04666666666667,58.88
637,2020-04-30,Rajasthan, Monthly,12.25,13051219.0,35.21,Rural,2020.0,April,1,34.13,-62.260000000000005
638,2020-04-30,Delhi, Monthly,20.69,115487.0,30.21,Rural,2020.0,April,1,35.81666666666667,8.440000000000001
615,2020-04-30,Meghalaya,Monthly,17.39,161939.0,36.51,Urban,2020.0,April,1,16.77666666666667,-3.3000000000000007
627,2020-04-30,Uttar Pradesh,Monthly,26.94,10944379.0,37.74,Urban,2020.0,April,1,21.673333333333336,9.55
614,2020-04-30,Karnataka, Monthly,33.17,9330400.0,43.25,Rural,2020.0,April,1,25.833333333333343,6.23
613,2020-04-30,Kerala,Monthly,21.43,2179106.0,20.51,Urban,2020.0,April,1,27.180000000000007,-11.740000000000002
612,2020-04-30,Punjab, Monthly,3.69,4721590.0,32.2,Rural,2020.0,April,1,19.430000000000003,-17.74
589,2020-04-30,Bihar, Monthly,45.09,14645275.0,38.63,Rural,2020.0,April,1,23.403333333333336,41.400000000000006
590,2020-04-30,West Bengal, Monthly,18.32,17639370.0,39.27,Rural,2020.0,April,1,22.366666666666674,-26.770000000000003
591,2020-04-30,Odisha,Monthly,20.5,1303244.0,25.53,Urban,2020.0,April,1,27.97000000000001,2.1799999999999997
592,2020-04-30,Andhra Pradesh, Monthly,16.29,8792827.0,36.03,Rural,2020.0,April,1,18.370000000000005,-4.210000000000001
593,2020-04-30,Kerala, Monthly,10.71,1754170.0,13.33,Rural,2020.0,April,1,15.833333333333337,-5.579999999999998
594,2020-04-30,Haryana,Monthly,46.89,1606580.0,35.48,Urban,2020.0,April,1,24.630000000000006,36.18
595,2020-04-30,Sikkim,Monthly,5.77,81905.0,40.31,Urban,2020.0,April,1,21.12333333333334,-41.120000000000005
596,2020-04-30,Goa,Monthly,11.76,318957.0,44.74,Urban,2020.0,April,1,21.47333333333334,5.99
597,2020-04-30,Bihar,Monthly,58.77,1400962.0,34.94,Urban,2020.0,April,1,25.433333333333337,47.010000000000005
598,2020-04-30,Chhattisgarh,Monthly,20.13,1066126.0,24.06,Urban,2020.0,April,1,30.22000000000001,-38.64
599,2020-04-30,Andhra Pradesh,Monthly,32.3,2544084.0,26.97,Urban,2020.0,April,1,37.06666666666667,12.169999999999998
588,2020-04-30,Haryana, Monthly,41.61,4041050.0,49.85,Rural,2020.0,April,1,31.346666666666675,9.310000000000002
601,2020-04-30,Assam,Monthly,8.37,1454956.0,38.45,Urban,2020.0,April,1,27.426666666666673,-33.24
602,2020-04-30,Jharkhand, Monthly,41.72,4280434.0,36.92,Rural,2020.0,April,1,30.566666666666674,33.35
603,2020-04-30,Jharkhand,Monthly,61.48,1054829.0,39.92,Urban,2020.0,April,1,37.190000000000005,19.759999999999998
604,2020-04-30,Maharashtra, Monthly,25.28,15014802.0,37.42,Rural,2020.0,April,1,42.826666666666675,-36.199999999999996
605,2020-04-30,Uttarakhand,Monthly,13.18,748041.0,29.59,Urban,2020.0,April,1,33.31333333333334,-12.100000000000001
606,2020-04-30,Maharashtra,Monthly,14.99,12674451.0,30.86,Urban,2020.0,April,1,17.816666666666674,1.8100000000000005
607,2020-04-30,Puducherry,Monthly,76.74,68122.0,35.54,Urban,2020.0,April,1,34.970000000000006,61.74999999999999
608,2020-04-30,Delhi,Monthly,16.51,3003787.0,23.59,Urban,2020.0,April,1,36.080000000000005,-60.22999999999999
609,2020-04-30,Telangana,Monthly,10.5,3378431.0,29.05,Urban,2020.0,April,1,34.583333333333336,-6.010000000000002
610,2020-04-30,Chhattisgarh, Monthly,0.0,6534321.0,39.43,Rural,2020.0,April,1,9.00333333333334,-10.5
611,2020-04-30,Madhya Pradesh, Monthly,12.5,14238959.0,37.88,Rural,2020.0,April,1,7.666666666666671,12.5
600,2020-04-30,Himachal Pradesh,Monthly,2.7,146957.0,24.42,Urban,2020.0,April,1,5.066666666666671,-9.8
675,2020-05-31,Madhya Pradesh, Monthly,22.46,13099601.0,39.24,Rural,2020.0,May,1,12.553333333333336,19.76
674,2020-05-31,Meghalaya, Monthly,3.73,992148.0,57.26,Rural,2020.0,May,1,9.630000000000004,-18.73
673,2020-05-31,Jammu & Kashmir, Monthly,2.22,2716966.0,38.46,Rural,2020.0,May,1,9.470000000000004,-1.5099999999999998
672,2020-05-31,Meghalaya,Monthly,14.58,222916.0,48.48,Urban,2020.0,May,1,6.843333333333338,12.36
667,2020-05-31,Uttar Pradesh,Monthly,32.06,11111486.0,41.1,Urban,2020.0,May,1,16.286666666666672,17.480000000000004
670,2020-05-31,Tripura,Monthly,16.78,384999.0,48.31,Urban,2020.0,May,1,21.140000000000004,-15.280000000000001
669,2020-05-31,Odisha, Monthly,9.45,9683719.0,36.48,Rural,2020.0,May,1,19.430000000000007,-7.330000000000002
668,2020-05-31,Karnataka, Monthly,23.72,10626328.0,43.09,Rural,2020.0,May,1,16.650000000000006,14.27
676,2020-05-31,Maharashtra, Monthly,16.89,18423447.0,41.21,Rural,2020.0,May,1,16.68666666666667,-6.829999999999998
671,2020-05-31,Kerala, Monthly,23.38,3799919.0,33.62,Rural,2020.0,May,1,21.330000000000002,6.489999999999998
689,2020-05-31,Assam,Monthly,10.77,1441722.0,39.04,Urban,2020.0,May,1,17.013333333333335,-12.61
682,2020-05-31,Jammu & Kashmir,Monthly,12.96,937435.0,33.33,Urban,2020.0,May,1,15.703333333333338,2.1900000000000013
678,2020-05-31,Haryana, Monthly,34.22,3914193.0,42.78,Rural,2020.0,May,1,19.316666666666674,21.259999999999998
679,2020-05-31,Gujarat, Monthly,14.58,11121124.0,46.31,Rural,2020.0,May,1,20.586666666666673,-19.64
680,2020-05-31,Bihar,Monthly,37.87,2207026.0,36.45,Urban,2020.0,May,1,28.890000000000004,23.29
681,2020-05-31,Odisha,Monthly,10.0,1975481.0,34.12,Urban,2020.0,May,1,20.81666666666667,-27.869999999999997
683,2020-05-31,Punjab, Monthly,40.59,3727366.0,41.14,Rural,2020.0,May,1,29.486666666666668,30.590000000000003
684,2020-05-31,Jharkhand,Monthly,70.17,830347.0,40.49,Urban,2020.0,May,1,40.25333333333334,29.58
685,2020-05-31,Uttarakhand,Monthly,17.36,778590.0,32.27,Urban,2020.0,May,1,42.70666666666667,-52.81
686,2020-05-31,Himachal Pradesh, Monthly,25.64,1732050.0,42.62,Rural,2020.0,May,1,37.723333333333336,8.280000000000001
687,2020-05-31,Kerala,Monthly,30.28,2826118.0,29.95,Urban,2020.0,May,1,24.426666666666673,4.640000000000001
688,2020-05-31,Telangana,Monthly,36.57,3108830.0,37.63,Urban,2020.0,May,1,30.830000000000002,6.289999999999999
666,2020-05-31,Sikkim,Monthly,19.75,75456.0,43.32,Urban,2020.0,May,1,28.866666666666674,-16.82
677,2020-05-31,Jharkhand, Monthly,55.1,3315038.0,37.03,Rural,2020.0,May,1,37.14000000000001,35.35
665,2020-05-31,Bihar, Monthly,47.26,14050319.0,38.5,Rural,2020.0,May,1,40.70333333333334,-7.840000000000003
651,2020-05-31,Tamil Nadu, Monthly,38.73,5768342.0,28.6,Rural,2020.0,May,1,47.03000000000001,-8.530000000000001
663,2020-05-31,Delhi,Monthly,45.78,2343783.0,28.28,Urban,2020.0,May,1,43.92333333333334,7.050000000000004
639,2020-05-31,Goa, Monthly,20.0,128538.0,33.71,Rural,2020.0,May,1,34.83666666666667,-25.78
640,2020-05-31,Rajasthan, Monthly,10.45,15586833.0,41.11,Rural,2020.0,May,1,25.410000000000007,-9.55
641,2020-05-31,West Bengal, Monthly,18.43,19115772.0,42.53,Rural,2020.0,May,1,16.293333333333337,7.98
642,2020-05-31,Andhra Pradesh,Monthly,24.91,3428356.0,32.69,Urban,2020.0,May,1,17.930000000000003,6.48
643,2020-05-31,Gujarat,Monthly,11.62,6072776.0,27.52,Urban,2020.0,May,1,18.320000000000004,-13.290000000000001
644,2020-05-31,Chhattisgarh,Monthly,24.1,1276291.0,30.24,Urban,2020.0,May,1,20.210000000000004,12.480000000000002
664,2020-05-31,Tamil Nadu,Monthly,25.95,5733921.0,23.77,Urban,2020.0,May,1,20.556666666666672,1.8499999999999979
646,2020-05-31,Assam, Monthly,9.38,9926176.0,50.0,Rural,2020.0,May,1,19.810000000000006,-16.57
647,2020-05-31,Rajasthan,Monthly,25.35,4225486.0,36.71,Urban,2020.0,May,1,20.22666666666667,15.97
648,2020-05-31,Himachal Pradesh,Monthly,50.0,134868.0,43.55,Urban,2020.0,May,1,28.24333333333334,24.65
649,2020-05-31,Maharashtra,Monthly,15.92,12365754.0,30.38,Urban,2020.0,May,1,30.423333333333336,-34.08
645,2020-05-31,Haryana,Monthly,38.46,2013083.0,38.27,Urban,2020.0,May,1,34.793333333333344,22.54
652,2020-05-31,Delhi, Monthly,22.76,129610.0,34.65,Rural,2020.0,May,1,25.71333333333334,-15.7
650,2020-05-31,Tripura, Monthly,14.71,911789.0,46.9,Rural,2020.0,May,1,25.310000000000006,-8.05
661,2020-05-31,Andhra Pradesh, Monthly,14.46,9526902.0,38.16,Rural,2020.0,May,1,17.310000000000006,-0.25
660,2020-05-31,Punjab,Monthly,20.54,2682658.0,34.71,Urban,2020.0,May,1,16.570000000000004,6.079999999999998
659,2020-05-31,Puducherry,Monthly,75.0,64538.0,31.25,Urban,2020.0,May,1,36.66666666666667,54.46
658,2020-05-31,Uttarakhand, Monthly,3.57,1915482.0,33.94,Rural,2020.0,May,1,33.03666666666667,-71.43
662,2020-05-31,Karnataka,Monthly,15.88,8669258.0,43.9,Urban,2020.0,May,1,31.483333333333338,12.31
656,2020-05-31,Uttar Pradesh, Monthly,16.89,38640999.0,37.52,Rural,2020.0,May,1,12.113333333333339,1.0099999999999998
655,2020-05-31,Madhya Pradesh,Monthly,40.49,3879934.0,35.49,Urban,2020.0,May,1,24.420000000000005,23.6
654,2020-05-31,Telangana, Monthly,34.01,7508747.0,61.0,Rural,2020.0,May,1,30.46333333333334,-6.480000000000004
653,2020-05-31,West Bengal,Monthly,15.22,9240903.0,40.67,Urban,2020.0,May,1,29.90666666666667,-18.79
657,2020-05-31,Chhattisgarh, Monthly,7.64,5454091.0,35.56,Rural,2020.0,May,1,18.95666666666667,-7.580000000000001
716,2020-06-30,Himachal Pradesh, Monthly,1.12,2230075.0,41.2,Rural,2020.0,June,1,7.9933333333333385,-6.52
717,2020-06-30,Uttar Pradesh,Monthly,13.05,13208724.0,38.09,Urban,2020.0,June,1,7.270000000000006,11.93
718,2020-06-30,Haryana, Monthly,35.57,4357835.0,48.53,Rural,2020.0,June,1,16.580000000000005,22.52
719,2020-06-30,Assam, Monthly,0.0,7544937.0,34.38,Rural,2020.0,June,1,16.206666666666674,-35.57
720,2020-06-30,Bihar, Monthly,20.49,20622566.0,37.4,Rural,2020.0,June,1,18.68666666666667,20.49
721,2020-06-30,Gujarat, Monthly,1.41,13243922.0,47.72,Rural,2020.0,June,1,7.300000000000004,-19.08
722,2020-06-30,Chhattisgarh, Monthly,10.14,5781095.0,38.66,Rural,2020.0,June,1,10.680000000000005,8.73
723,2020-06-30,Delhi, Monthly,21.14,112108.0,29.22,Rural,2020.0,June,1,10.89666666666667,11.0
724,2020-06-30,Andhra Pradesh, Monthly,0.85,15572975.0,53.76,Rural,2020.0,June,1,10.710000000000006,-20.29
725,2020-06-30,Uttarakhand,Monthly,5.08,989470.0,35.61,Urban,2020.0,June,1,9.023333333333339,4.23
737,2020-06-30,Maharashtra,Monthly,10.01,16172690.0,37.04,Urban,2020.0,June,1,5.313333333333338,4.93
727,2020-06-30,Rajasthan, Monthly,13.86,16076978.0,43.98,Rural,2020.0,June,1,9.650000000000004,3.8499999999999996
728,2020-06-30,Puducherry,Monthly,4.55,234926.0,29.73,Urban,2020.0,June,1,9.473333333333338,-9.309999999999999
729,2020-06-30,Andhra Pradesh,Monthly,5.86,4954389.0,37.61,Urban,2020.0,June,1,8.090000000000005,1.3100000000000005
730,2020-06-30,Assam,Monthly,3.42,1551007.0,38.73,Urban,2020.0,June,1,4.610000000000005,-2.4400000000000004
731,2020-06-30,Odisha,Monthly,2.18,2221069.0,35.24,Urban,2020.0,June,1,3.820000000000005,-1.2399999999999998
732,2020-06-30,Bihar,Monthly,12.45,3124663.0,36.54,Urban,2020.0,June,1,6.01666666666667,10.27
733,2020-06-30,Chandigarh,Monthly,7.22,306505.0,33.8,Urban,2020.0,June,1,7.283333333333338,-5.2299999999999995
734,2020-06-30,Uttarakhand, Monthly,10.71,1675441.0,32.0,Rural,2020.0,June,1,10.12666666666667,3.490000000000001
735,2020-06-30,Chhattisgarh,Monthly,27.07,1602231.0,39.41,Urban,2020.0,June,1,15.000000000000005,16.36
736,2020-06-30,Gujarat,Monthly,4.54,10574711.0,44.26,Urban,2020.0,June,1,14.106666666666671,-22.53
715,2020-06-30,Haryana,Monthly,29.41,2304138.0,38.09,Urban,2020.0,June,1,20.340000000000003,24.87
726,2020-06-30,Himachal Pradesh,Monthly,10.81,224902.0,40.66,Urban,2020.0,June,1,14.920000000000003,-18.6
714,2020-06-30,West Bengal, Monthly,4.94,21225887.0,40.44,Rural,2020.0,June,1,15.05333333333334,-5.87
702,2020-06-30,Maharashtra, Monthly,9.4,23601016.0,48.34,Rural,2020.0,June,1,8.383333333333338,4.46
712,2020-06-30,Madhya Pradesh, Monthly,6.46,16748971.0,41.5,Rural,2020.0,June,1,6.933333333333338,-2.9400000000000004
738,2020-06-30,Tripura,Monthly,27.47,391015.0,56.17,Urban,2020.0,June,1,14.443333333333337,21.009999999999998
690,2020-06-30,Karnataka,Monthly,6.12,8822411.0,39.93,Urban,2020.0,June,1,13.350000000000003,-21.349999999999998
691,2020-06-30,Delhi,Monthly,18.11,4306807.0,34.32,Urban,2020.0,June,1,17.233333333333338,11.989999999999998
692,2020-06-30,Uttar Pradesh, Monthly,8.51,41908909.0,36.89,Rural,2020.0,June,1,10.91333333333334,-9.6
693,2020-06-30,Tripura, Monthly,18.84,1106978.0,59.74,Rural,2020.0,June,1,15.153333333333336,10.33
694,2020-06-30,Punjab,Monthly,10.55,3047750.0,34.96,Urban,2020.0,June,1,12.633333333333338,-8.29
695,2020-06-30,Jammu & Kashmir, Monthly,18.97,2049617.0,34.94,Rural,2020.0,June,1,16.120000000000005,8.419999999999998
696,2020-06-30,Jharkhand, Monthly,21.53,6375114.0,40.65,Rural,2020.0,June,1,17.01666666666667,2.5600000000000023
697,2020-06-30,Karnataka, Monthly,10.92,15396213.0,53.37,Rural,2020.0,June,1,17.140000000000004,-10.610000000000001
698,2020-06-30,Telangana,Monthly,6.92,4577995.0,37.68,Urban,2020.0,June,1,13.12333333333334,-4.0
713,2020-06-30,Jharkhand,Monthly,19.38,2244460.0,40.43,Urban,2020.0,June,1,12.406666666666672,12.459999999999999
699,2020-06-30,Kerala, Monthly,27.66,3952088.0,37.01,Rural,2020.0,June,1,17.986666666666668,8.280000000000001
701,2020-06-30,Tamil Nadu,Monthly,24.93,7741005.0,31.6,Urban,2020.0,June,1,23.99,-2.7300000000000004
703,2020-06-30,Meghalaya, Monthly,1.35,1150200.0,64.63,Rural,2020.0,June,1,17.980000000000004,-23.58
704,2020-06-30,Odisha, Monthly,4.59,10187145.0,36.36,Rural,2020.0,June,1,10.290000000000004,3.2399999999999998
705,2020-06-30,Sikkim,Monthly,2.63,76269.0,35.85,Urban,2020.0,June,1,2.8566666666666705,-1.96
706,2020-06-30,Punjab, Monthly,20.0,5364047.0,43.9,Rural,2020.0,June,1,9.073333333333338,17.37
707,2020-06-30,Kerala,Monthly,12.17,4601293.0,38.68,Urban,2020.0,June,1,11.600000000000003,-7.83
708,2020-06-30,Rajasthan,Monthly,13.04,5275784.0,39.26,Urban,2020.0,June,1,15.070000000000002,0.8699999999999992
709,2020-06-30,Sikkim, Monthly,5.81,141313.0,42.36,Rural,2020.0,June,1,10.340000000000005,-7.2299999999999995
710,2020-06-30,Tamil Nadu, Monthly,2.06,10169115.0,31.49,Rural,2020.0,June,1,6.970000000000005,-3.7499999999999996
711,2020-06-30,Madhya Pradesh,Monthly,12.72,6221562.0,38.72,Urban,2020.0,June,1,6.863333333333338,10.66
700,2020-06-30,Telangana, Monthly,19.3,8891181.0,58.97,Rural,2020.0,June,1,11.360000000000005,6.58
739,2020-06-30,West Bengal,Monthly,9.86,9088931.0,37.57,Urban,2020.0,June,1,13.960000000000003,-9.440000000000001
